x,y,z
0.134268,114.9,-3.997221
-11.47015,115.00001,-3.997187
-11.137626,114.8,-3.990419
5.233911,124.3,-3.984367
-10.80615,114.600006,-3.983645
-10.475724,114.4,-3.976867
-10.155233,114.3,-3.97356
-0.178275,114.200005,-3.972869
-9.835251,114.200005,-3.970248
-9.515775,114.100006,-3.966931
4.871136,123.70001,-3.965214
-9.18874,113.90001,-3.960132
-0.487854,113.700005,-3.955469
-8.854967,113.600006,-3.949851
-8.537839,113.50001,-3.946519
4.511617,123.100006,-3.946055
-0.795403,113.3,-3.941542
-8.213974,113.3,-3.939704
-7.898144,113.20001,-3.936362
-7.576125,113.0,-3.929536
-1.100765,112.90001,-3.92761
-7.255168,112.8,-3.922706
4.145177,122.2,-3.917273
-6.935272,112.600006,-3.915871
-1.403939,112.5,-3.913673
-6.622326,112.5,-3.912507
-6.309902,112.40001,-3.909139
-5.992656,112.20001,-3.902287
-1.704924,112.100006,-3.899731
-5.671408,111.90001,-3.891952
3.786752,121.40001,-3.891691
-5.361367,111.8,-3.888568
-4.747107,111.70001,-3.885262
-5.051849,111.70001,-3.885179
-2.001924,111.600006,-3.882305
-4.430415,111.40001,-3.874906
-2.298254,111.20001,-3.868353
-4.119047,111.20001,-3.868022
3.432678,120.600006,-3.866102
-3.808753,111.0,-3.861133
-3.502694,110.90001,-3.857717
-2.592391,110.8,-3.854396
-3.197166,110.8,-3.854296
-2.892172,110.7,-3.85087
3.088103,120.00001,-3.84692
-19.779356,119.9,-3.835186
2.746791,119.4,-3.827731
-19.373014,119.4,-3.819454
2.408743,118.80001,-3.808537
-18.969328,118.9,-3.803716
-18.615343,118.700005,-3.797572
2.075715,118.30001,-3.792544
-18.262388,118.50001,-3.791424
-17.910461,118.30001,-3.785271
-17.559566,118.10001,-3.779116
1.743926,117.700005,-3.773338
-17.1951,117.80001,-3.769755
-16.86086,117.700005,-3.766792
-16.513062,117.50001,-3.760624
1.417824,117.30001,-3.76054
-16.180073,117.4,-3.757653
-15.847573,117.30001,-3.754678
-15.489088,117.00001,-3.745297
1.092963,116.80001,-3.744531
-15.14515,116.80001,-3.739113
-14.80225,116.6,-3.732925
-14.472806,116.50001,-3.729934
-14.143859,116.4,-3.726939
0.770165,116.200005,-3.72531
-13.803527,116.200005,-3.720738
6.722925,126.8,-3.718143
-13.464238,116.00001,-3.714533
-13.125986,115.80001,-3.708323
0.450639,115.6,-3.706083
-12.788776,115.6,-3.702108
6.346871,126.200005,-3.700644
-12.463401,115.50001,-3.699093
-12.138525,115.4,-3.696072
-11.803904,115.200005,-3.689844
0.134387,115.00001,-3.686853
-11.480303,115.1,-3.686815
-11.147502,114.9,-3.680578
5.969307,125.50001,-3.680205
-10.81575,114.700005,-3.674336
-10.485046,114.50001,-3.66809
-0.17859,114.4,-3.667616
-10.164279,114.4,-3.665042
5.595538,124.8,-3.659761
-9.835406,114.200005,-3.658786
-9.515925,114.100006,-3.65573
-0.48872,113.90001,-3.651581
-9.188887,113.90001,-3.649465
-8.862904,113.700005,-3.643195
-0.79682,113.50001,-3.638747
-8.537976,113.50001,-3.63692
5.221357,124.0,-3.636379
-8.214106,113.3,-3.63064
-7.898271,113.20001,-3.62756
-1.102733,113.100006,-3.625908
4.863334,123.5,-3.621789
-7.576248,113.0,-3.62127
-7.255286,112.8,-3.614976
-1.406458,112.70001,-3.613065
-6.941545,112.70001,-3.611882
-6.628322,112.600006,-3.608783
4.50802,123.0,-3.607193
-6.315618,112.5,-3.605679
-5.998094,112.3,-3.599364
-1.706473,112.20001,-3.59701
-5.681638,112.100006,-3.593046
-5.36625,111.90001,-3.586722
4.14524,122.2,-3.583794
-5.056454,111.8,-3.583599
-2.003752,111.70001,-3.580951
-4.747185,111.70001,-3.58047
-4.434465,111.5,-3.574132
-2.300359,111.3,-3.568094
-4.122819,111.3,-3.567788
-3.812247,111.100006,-3.56144
3.786809,121.40001,-3.56039
-3.50591,111.0,-3.558292
-2.594774,110.90001,-3.555232
-2.894832,110.8,-3.551982
-3.197219,110.8,-3.551934
3.43273,120.600006,-3.53698
3.08815,120.00001,-3.51943
2.749133,119.50001,-3.504809
-19.697124,119.4,-3.494056
-19.340813,119.200005,-3.488442
2.410807,118.9,-3.487248
-18.969572,118.9,-3.479897
-18.615583,118.700005,-3.474276
2.075747,118.30001,-3.469684
-18.262623,118.50001,-3.468651
-17.910694,118.30001,-3.463023
-17.574665,118.200005,-3.460319
1.745435,117.80001,-3.455047
-17.209925,117.9,-3.451756
1.421471,117.6,-3.449203
-16.875412,117.80001,-3.449045
-16.527332,117.6,-3.443403
1.098594,117.4,-3.443356
-16.180288,117.4,-3.437757
-15.847787,117.30001,-3.435036
-15.502538,117.1,-3.429383
0.774816,116.9,-3.428705
-15.145357,116.80001,-3.420797
-14.815147,116.700005,-3.418064
-14.473008,116.50001,-3.412399
0.453374,116.30001,-3.411116
-14.144054,116.4,-3.409659
-13.80372,116.200005,-3.403987
-13.464424,116.00001,-3.39831
-13.126169,115.80001,-3.392629
-12.800021,115.700005,-3.389874
0.134973,115.50001,-3.387656
-12.474368,115.6,-3.387114
6.749528,127.3,-3.385445
-12.138697,115.4,-3.381421
-11.804072,115.200005,-3.375724
-11.480467,115.1,-3.372952
-11.147663,114.9,-3.367247
-10.825335,114.8,-3.364467
-0.178905,114.600006,-3.361258
6.351987,126.3,-3.358936
-10.494356,114.600006,-3.358753
-10.164427,114.4,-3.353034
-9.835549,114.200005,-3.347311
-9.516065,114.100006,-3.344515
-0.489157,114.00001,-3.343655
5.978902,125.70001,-3.343059
-9.189022,113.90001,-3.338784
-8.863033,113.700005,-3.333047
-0.796832,113.50001,-3.32898
-8.538102,113.50001,-3.327307
-8.221477,113.40001,-3.324493
5.6001,124.90001,-3.321859
-7.898389,113.20001,-3.318744
-1.10275,113.100006,-3.317234
-7.583065,113.100006,-3.315922
-7.261826,112.90001,-3.310163
-6.941648,112.70001,-3.304401
5.229851,124.20001,-3.303312
-1.405232,112.600006,-3.302551
-6.622534,112.5,-3.298633
-6.304485,112.3,-3.292861
4.875215,123.8,-3.29274
-5.992844,112.20001,-3.290017
-1.704978,112.100006,-3.287863
-5.676655,112.0,-3.284236
-5.366331,111.90001,-3.281384
4.519077,123.3,-3.279502
-2.003782,111.70001,-3.276104
-5.052008,111.70001,-3.275593
-4.743007,111.600006,-3.272732
-4.434532,111.5,-3.269865
-2.300394,111.3,-3.264342
-4.122881,111.3,-3.264062
4.162258,122.70001,-3.263601
-3.815736,111.20001,-3.261187
-3.505963,111.0,-3.255374
-2.594813,110.90001,-3.252574
-2.894876,110.8,-3.249601
-3.197268,110.8,-3.249557
3.796219,121.700005,-3.237055
3.441317,120.90001,-3.215824
3.095913,120.30001,-3.199907
2.758373,119.9,-3.189306
2.420979,119.4,-3.17604
-19.697353,119.4,-3.168907
-19.357265,119.30001,-3.16647
2.084549,118.80001,-3.16011
-18.98575,119.00001,-3.158721
-18.631487,118.80001,-3.153623
-18.262844,118.50001,-3.145868
1.749904,118.10001,-3.141515
-17.910912,118.30001,-3.140763
-17.574877,118.200005,-3.138311
1.423909,117.80001,-3.133556
-17.210133,117.9,-3.130545
-16.87562,117.80001,-3.128087
-16.527536,117.6,-3.12297
-16.180487,117.4,-3.117849
1.096738,117.200005,-3.117612
6.91928,130.5,-3.114442
-15.834473,117.200005,-3.112726
-15.489492,117.00001,-3.107598
-15.145548,116.80001,-3.102468
0.772838,116.6,-3.101664
-14.815335,116.700005,-3.09999
-14.473189,116.50001,-3.094852
-14.132084,116.30001,-3.089711
0.452211,116.00001,-3.085711
-13.792016,116.1,-3.084566
-13.464595,116.00001,-3.082074
-13.137673,115.9,-3.079579
-12.800184,115.700005,-3.074423
0.134975,115.50001,-3.072415
-12.474528,115.6,-3.071921
-12.138855,115.4,-3.066758
-11.804226,115.200005,-3.061591
-11.470643,115.00001,-3.05642
-19.30013,115.1,-3.054573
-11.138105,114.8,-3.051245
-0.179064,114.700005,-3.051134
-10.816047,114.700005,-3.048724
-10.485337,114.50001,-3.043542
-10.164561,114.4,-3.041013
-9.83568,114.200005,-3.035823
-0.489593,114.100006,-3.035169
-9.516191,114.100006,-3.033287
-9.189145,113.90001,-3.028089
-8.863153,113.700005,-3.022887
-0.797546,113.600006,-3.02186
-8.538216,113.50001,-3.01768
6.352065,126.3,-3.014283
-8.214337,113.3,-3.01247
-7.898495,113.20001,-3.009915
-1.102766,113.100006,-3.008547
-7.583167,113.100006,-3.007355
-7.261924,112.90001,-3.002133
5.978976,125.70001,-3.000036
-6.941742,112.70001,-2.996906
-1.405251,112.600006,-2.99523
-6.622624,112.5,-2.991675
-6.304571,112.3,-2.986441
-5.992926,112.20001,-2.983862
5.604653,125.0,-2.983397
-1.705002,112.100006,-2.981909
-5.676733,112.0,-2.978619
-5.361609,111.8,-2.973372
-2.00381,111.70001,-2.971245
-5.052078,111.70001,-2.97078
5.238338,124.40001,-2.969141
-4.743072,111.600006,-2.968185
-4.430616,111.40001,-2.962925
-2.300426,111.3,-2.960576
-4.122938,111.3,-2.960322
4.879213,123.90001,-2.957266
-3.812357,111.100006,-2.955054
-2.594849,110.90001,-2.949903
-3.502853,110.90001,-2.949783
-2.892304,110.7,-2.944547
-3.194426,110.7,-2.944507
4.515469,123.20001,-2.940614
4.16231,122.70001,-2.928731
3.799386,121.8,-2.907295
3.44136,120.90001,-2.885856
-20.256126,120.8,-2.876892
3.095952,120.30001,-2.871572
2.758408,119.9,-2.862059
2.418982,119.30001,-2.847767
-19.714058,119.50001,-2.846129
-19.35747,119.30001,-2.84156
2.084575,118.80001,-2.835859
-18.985952,119.00001,-2.834607
-18.631685,118.80001,-2.830032
-18.278452,118.60001,-2.825455
1.75289,118.30001,-2.823946
-17.911104,118.30001,-2.818492
-17.5602,118.10001,-2.813909
1.422718,117.700005,-2.809642
-17.210323,117.9,-2.809323
-16.875803,117.80001,-2.807117
-16.527718,117.6,-2.802525
1.096752,117.200005,-2.797721
-16.166887,117.30001,-2.795547
-15.834649,117.200005,-2.793333
-15.502903,117.1,-2.791115
-15.158685,116.9,-2.786511
-14.815502,116.700005,-2.781904
0.772185,116.50001,-2.781023
-14.473353,116.50001,-2.777294
-14.144395,116.4,-2.775064
-13.804054,116.200005,-2.770447
0.452217,116.00001,-2.769094
-13.464752,116.00001,-2.765827
-13.12649,115.80001,-2.761204
-12.789269,115.6,-2.756577
0.13486,115.4,-2.754775
-12.463883,115.50001,-2.754332
-12.128478,115.3,-2.749698
-11.794118,115.1,-2.745061
6.876938,129.70001,-2.741415
-11.460803,114.9,-2.740421
-11.138237,114.8,-2.738162
-10.816177,114.700005,-2.7359
-0.17891,114.600006,-2.735677
-10.49462,114.600006,-2.733635
-10.164683,114.4,-2.728981
-9.835798,114.200005,-2.724323
-9.507967,114.00001,-2.719662
-0.48874,113.90001,-2.718963
-9.181187,113.8,-2.714997
-8.855464,113.600006,-2.710328
-0.796151,113.40001,-2.70702
-8.530796,113.40001,-2.705657
-7.905568,113.3,-2.703459
-8.214437,113.3,-2.703367
-7.583261,113.100006,-2.698777
-1.101804,113.0,-2.69746
-7.262013,112.90001,-2.69409
-6.941827,112.70001,-2.6894
-1.405269,112.600006,-2.687897
-6.622706,112.5,-2.684706
-6.304649,112.3,-2.680009
-1.705023,112.100006,-2.675943
-5.987658,112.100006,-2.675308
-5.671735,111.90001,-2.670603
-5.361675,111.8,-2.668281
6.347106,126.200005,-2.667505
-2.003835,111.70001,-2.666372
-5.047617,111.600006,-2.663569
-4.434649,111.5,-2.661293
-4.738881,111.5,-2.66124
5.979043,125.70001,-2.657
-2.300455,111.3,-2.656798
-4.119285,111.20001,-2.654184
-3.808973,111.0,-2.649456
-2.594882,110.90001,-2.647221
-3.499738,110.8,-2.644726
-2.89234,110.7,-2.642414
-3.194466,110.7,-2.642378
5.604715,125.0,-2.642264
5.242607,124.5,-2.631751
4.87533,123.8,-2.617007
4.508189,123.0,-2.600145
4.15218,122.40001,-2.587506
3.799429,121.8,-2.574864
3.447091,121.100006,-2.560104
3.103708,120.600006,-2.549568
2.767641,120.30001,-2.543257
-20.155704,120.200005,-2.535277
2.429147,119.80001,-2.532714
2.091617,119.200005,-2.520053
-19.697744,119.4,-2.518578
-19.341427,119.200005,-2.514531
-18.986134,119.00001,-2.510483
-18.61618,118.700005,-2.504321
1.754391,118.4,-2.503159
-18.263214,118.50001,-2.500268
-17.896135,118.200005,-2.494101
1.425151,117.9,-2.492605
-17.56037,118.10001,-2.492152
-17.21049,117.9,-2.488091
-16.875969,117.80001,-2.486137
-16.513826,117.50001,-2.47996
1.096764,117.200005,-2.47782
-16.167046,117.30001,-2.475891
-15.503061,117.1,-2.471966
-15.821296,117.1,-2.471818
-15.171807,117.00001,-2.469999
-14.841042,116.9,-2.46803
0.772194,116.50001,-2.46303
-14.485924,116.6,-2.461836
-14.156693,116.50001,-2.459862
-13.816075,116.30001,-2.455773
-13.488106,116.200005,-2.453793
0.452222,116.00001,-2.452466
-13.126625,115.80001,-2.445475
-12.800466,115.700005,-2.443489
0.134978,115.50001,-2.441898
-19.714844,115.700005,-2.440192
-12.464014,115.50001,-2.439389
-12.128606,115.3,-2.435285
-11.794241,115.1,-2.431179
-11.460924,114.9,-2.427069
-11.138355,114.8,-2.425069
-0.179068,114.700005,-2.424984
-10.816291,114.700005,-2.423065
-10.494731,114.600006,-2.421059
-10.164791,114.4,-2.416937
-9.835904,114.200005,-2.412813
-0.489175,114.00001,-2.410181
-9.189354,113.90001,-2.406666
-9.499728,113.90001,-2.406571
-8.85556,113.600006,-2.400418
-8.229028,113.50001,-2.398479
-8.538412,113.50001,-2.398394
-0.79616,113.40001,-2.397489
-7.912634,113.40001,-2.396449
-7.583343,113.100006,-2.390188
-1.101817,113.0,-2.389022
-7.255661,112.8,-2.383924
-6.941903,112.70001,-2.381884
-1.405285,112.600006,-2.380553
-6.622779,112.5,-2.377726
-6.310333,112.40001,-2.37568
-1.706563,112.20001,-2.372079
-5.993066,112.20001,-2.371516
-5.676865,112.0,-2.367349
-5.361735,111.8,-2.363179
-2.003857,111.70001,-2.361489
-5.052197,111.70001,-2.36112
-4.743184,111.600006,-2.359057
-4.434698,111.5,-2.356991
-2.302548,111.40001,-2.355124
-4.119331,111.20001,-2.350694
-3.809016,111.0,-2.346507
-2.594911,110.90001,-2.344528
-3.499778,110.8,-2.342318
-2.892372,110.7,-2.340271
-3.194502,110.7,-2.340239
6.342138,126.100006,-2.321261
5.979101,125.70001,-2.313954
5.600286,124.90001,-2.299279
5.242658,124.5,-2.291965
4.87144,123.70001,-2.277283
4.504568,122.90001,-2.262598
4.15222,122.40001,-2.253432
3.799466,121.8,-2.242422
3.452818,121.3,-2.23325
3.106311,120.700005,-2.222233
2.765368,120.200005,-2.213055
2.423088,119.50001,-2.20019
-19.325361,119.10001,-2.188039
-18.986292,119.00001,-2.18635
-19.631918,119.00001,-2.186052
2.082864,118.700005,-2.185481
-18.616337,118.700005,-2.180984
-18.26337,118.50001,-2.177454
1.749963,118.10001,-2.174452
-17.911428,118.30001,-2.173921
-17.56052,118.10001,-2.170387
-17.210636,117.9,-2.16685
1.42033,117.50001,-2.163419
-16.86179,117.700005,-2.16331
-16.513971,117.50001,-2.159769
-16.18097,117.4,-2.158063
1.095839,117.1,-2.156066
-19.66958,117.30001,-2.154673
-15.516436,117.200005,-2.154645
-15.834945,117.200005,-2.154517
-14.866564,117.1,-2.153057
-15.184906,117.1,-2.152933
-14.205426,116.9,-2.149622
-14.523324,116.9,-2.149502
-13.851839,116.6,-2.144222
0.771539,116.4,-2.143186
-13.511443,116.4,-2.140659
0.451837,115.9,-2.133986
-13.149415,116.00001,-2.133416
-12.811647,115.80001,-2.129847
0.134979,115.50001,-2.126624
-12.474919,115.6,-2.126276
-12.139236,115.4,-2.122703
-11.804596,115.200005,-2.119127
-11.471006,115.00001,-2.115548
-11.148161,114.9,-2.113806
-0.17907,114.700005,-2.111894
-10.816393,114.700005,-2.110222
-10.49483,114.600006,-2.108474
-10.173773,114.50001,-2.106725
-9.835996,114.200005,-2.101293
-0.489609,114.100006,-2.100843
-9.197509,114.00001,-2.09778
-9.508158,114.00001,-2.097697
-8.87903,113.90001,-2.09602
-8.561061,113.8,-2.094256
-8.243607,113.700005,-2.092491
-0.79687,113.50001,-2.08979
-7.919686,113.50001,-2.088882
-7.603531,113.40001,-2.087111
-1.102803,113.100006,-2.082416
-7.268595,113.0,-2.079815
-6.94813,112.8,-2.076198
-1.406547,112.70001,-2.07504
-6.622842,112.5,-2.070737
-1.709622,112.40001,-2.069502
-6.310394,112.40001,-2.068955
-5.993123,112.20001,-2.065329
-2.009259,112.0,-2.06212
-5.676921,112.0,-2.0617
-5.366582,111.90001,-2.059909
-5.056768,111.8,-2.058115
-4.747481,111.70001,-2.056319
-2.306704,111.600006,-2.054735
-4.434741,111.5,-2.052679
-4.123076,111.3,-2.049036
-3.812485,111.100006,-2.04539
-2.597276,111.0,-2.043666
-2.897627,110.90001,-2.0418
-3.502971,110.90001,-2.041741
-3.197419,110.8,-2.039931
6.342191,126.100006,-1.977122
5.983907,125.8,-1.972466
5.604816,125.0,-1.959967
5.242702,124.5,-1.952169
4.879357,123.90001,-1.9428
4.515602,123.20001,-1.93186
4.162433,122.70001,-1.924053
3.802618,121.90001,-1.91154
3.45,121.200005,-1.900591
3.103764,120.600006,-1.891207
2.76079,120.00001,-1.881821
2.423109,119.50001,-1.874001
-18.986425,119.00001,-1.86221
-19.309273,119.00001,-1.862084
2.082882,118.700005,-1.861473
-19.599064,118.80001,-1.858826
-18.61647,118.700005,-1.85764
-18.2635,118.50001,-1.854633
-17.91156,118.30001,-1.851624
-17.575518,118.200005,-1.850179
1.747014,117.9,-1.848942
-17.225365,118.00001,-1.847166
-16.861916,117.700005,-1.842587
-16.514095,117.50001,-1.83957
1.417925,117.30001,-1.839545
-16.16731,117.30001,-1.836552
-15.197989,117.200005,-1.835314
-15.516554,117.200005,-1.835206
-15.835066,117.200005,-1.835097
-14.866678,117.1,-1.833854
1.093977,116.9,-1.833282
-19.63618,117.1,-1.8321
-14.523438,116.9,-1.830826
-14.193384,116.80001,-1.829362
0.772208,116.50001,-1.827016
-13.840067,116.50001,-1.824763
-13.511547,116.4,-1.823294
0.45223,116.00001,-1.819179
-13.160855,116.1,-1.818691
-12.833875,116.00001,-1.817218
-12.485808,115.700005,-1.81261
0.134981,115.50001,-1.81134
-12.149852,115.50001,-1.809567
-11.804691,115.200005,-1.804954
-11.481071,115.1,-1.803473
-11.157954,115.00001,-1.801989
-0.179384,114.9,-1.801931
-10.835339,114.9,-1.800503
-10.504071,114.700005,-1.797448
-10.173856,114.50001,-1.794391
-0.490471,114.3,-1.792518
-9.844688,114.3,-1.791332
-8.886899,114.00001,-1.786841
-9.197585,114.00001,-1.786773
-9.508236,114.00001,-1.786702
-8.568655,113.90001,-1.785339
-0.798281,113.700005,-1.783104
-8.229174,113.50001,-1.779133
-7.596888,113.3,-1.776117
-1.103787,113.20001,-1.775255
-7.898818,113.20001,-1.774491
-7.268655,113.0,-1.771471
-1.407807,112.8,-1.768972
-6.948188,112.8,-1.76839
-6.31606,112.5,-1.763789
-6.622898,112.5,-1.763739
-1.709637,112.40001,-1.762687
-5.998515,112.3,-1.7607
-2.01107,112.100006,-1.757968
-5.682037,112.100006,-1.75761
-5.371423,112.0,-1.756084
-5.061335,111.90001,-1.754557
-4.75177,111.8,-1.753027
-2.306724,111.600006,-1.75011
-4.438756,111.600006,-1.749926
-4.126815,111.40001,-1.746824
-3.815949,111.20001,-1.743718
-3.509318,111.100006,-1.742179
-2.597298,111.0,-1.740682
-2.897651,110.90001,-1.739092
-3.200332,110.90001,-1.739069
6.342236,126.100006,-1.632975
5.983949,125.8,-1.629129
5.604856,125.0,-1.618806
5.242739,124.5,-1.612365
4.887268,124.100006,-1.607217
4.53396,123.70001,-1.602067
4.17264,123.0,-1.593029
3.802645,121.90001,-1.578808
3.447179,121.100006,-1.56847
3.096065,120.30001,-1.558129
2.756209,119.80001,-1.551672
2.417043,119.200005,-1.543918
-18.986542,119.00001,-1.538063
-19.309387,119.00001,-1.537959
-19.615677,118.9,-1.536561
2.079387,118.50001,-1.534866
-18.616585,118.700005,-1.534289
-18.279026,118.60001,-1.533098
-17.926811,118.4,-1.530613
-17.590496,118.30001,-1.52942
-17.225468,118.00001,-1.525638
1.744063,117.700005,-1.524516
-16.876347,117.80001,-1.523149
-16.528255,117.6,-1.520658
-16.181192,117.4,-1.518165
-15.529893,117.30001,-1.517054
1.415517,117.1,-1.516754
-15.198088,117.200005,-1.515849
-15.835166,117.200005,-1.51567
-14.866775,117.1,-1.514643
-14.511108,116.80001,-1.510849
1.091177,116.6,-1.510286
-14.181325,116.700005,-1.50964
-19.569221,116.700005,-1.508025
0.770225,116.200005,-1.505111
-13.500029,116.30001,-1.504628
-13.816398,116.30001,-1.504548
-12.856087,116.200005,-1.503492
-13.172276,116.200005,-1.503414
-12.507474,115.9,-1.499686
0.451064,115.700005,-1.498639
-12.160451,115.6,-1.495878
-11.825264,115.4,-1.493363
-11.501098,115.3,-1.492139
-11.177434,115.200005,-1.490914
0.134514,115.1,-1.490869
-10.844844,115.00001,-1.488393
-10.5133,114.8,-1.48587
-10.191695,114.700005,-1.484639
-0.178917,114.600006,-1.484392
-9.861983,114.50001,-1.482112
-0.490046,114.200005,-1.479209
-9.51664,114.100006,-1.476994
-9.197647,114.00001,-1.475758
-8.879164,113.90001,-1.47452
-0.798989,113.8,-1.474024
-8.553669,113.700005,-1.471985
-1.103795,113.20001,-1.466246
-8.207481,113.20001,-1.465564
-7.583532,113.100006,-1.464369
-7.268706,113.0,-1.463121
-7.877941,112.90001,-1.461731
-1.407817,112.8,-1.461057
-6.948237,112.8,-1.460576
-6.316105,112.5,-1.456775
-6.622944,112.5,-1.456734
-1.709649,112.40001,-1.455866
-5.993215,112.20001,-1.45293
-5.682077,112.100006,-1.451672
-2.00929,112.0,-1.450673
-5.366666,111.90001,-1.449117
-5.056847,111.8,-1.447855
-4.747554,111.70001,-1.446592
-4.438787,111.600006,-1.445326
-2.304673,111.5,-1.444182
-4.126844,111.40001,-1.442763
-3.819408,111.3,-1.441494
-3.509343,111.100006,-1.438927
-2.597317,111.0,-1.437691
-2.897672,110.90001,-1.436378
-3.200355,110.90001,-1.436358
6.352331,126.3,-1.290865
5.98874,125.90001,-1.286808
5.604888,125.0,-1.277638
5.238558,124.40001,-1.271533
4.883358,124.0,-1.26747
4.533986,123.70001,-1.264427
4.165879,122.8,-1.25525
3.796428,121.700005,-1.244026
3.438659,120.8,-1.234844
3.09351,120.200005,-1.228727
2.751623,119.60001,-1.222609
2.415029,119.10001,-1.217511
-19.325708,119.10001,-1.214849
-18.986633,119.00001,-1.213911
-19.615772,118.9,-1.212725
-18.616676,118.700005,-1.210932
2.07589,118.30001,-1.209344
-18.263704,118.50001,-1.208972
-17.91176,118.30001,-1.207011
-17.575714,118.200005,-1.206069
-17.225555,118.00001,-1.204105
1.744073,117.700005,-1.20322
-16.890759,117.9,-1.203161
-16.54239,117.700005,-1.201195
-15.237071,117.50001,-1.199442
-15.556453,117.50001,-1.199372
-16.195063,117.50001,-1.199227
-15.862268,117.4,-1.198279
-14.892246,117.30001,-1.19747
1.415525,117.1,-1.197094
-19.636393,117.1,-1.194283
-14.523607,116.9,-1.193454
-14.193551,116.80001,-1.1925
-13.546534,116.700005,-1.191608
1.090248,116.50001,-1.190967
-13.852109,116.6,-1.190523
-13.206355,116.50001,-1.189629
-12.867221,116.30001,-1.187648
0.769567,116.1,-1.186883
-12.507543,115.9,-1.183623
0.451067,115.700005,-1.182797
-11.845823,115.6,-1.180675
-12.160518,115.6,-1.180618
-11.521111,115.50001,-1.17971
-11.187197,115.3,-1.177721
-10.863763,115.200005,-1.176753
0.134515,115.1,-1.176664
-10.531675,115.00001,-1.174762
-10.200636,114.8,-1.172769
-0.178918,114.600006,-1.171553
-9.870648,114.600006,-1.170774
-9.525035,114.200005,-1.166735
-0.48962,114.100006,-1.16644
-9.205767,114.100006,-1.16576
-8.88701,114.00001,-1.164782
-0.798292,113.700005,-1.162347
-8.553717,113.700005,-1.16176
-1.103802,113.20001,-1.157231
-8.207526,113.20001,-1.156692
-7.583575,113.100006,-1.155749
-7.268746,113.0,-1.154764
-7.877984,112.90001,-1.153667
-6.948276,112.8,-1.152756
-1.406577,112.70001,-1.152113
-6.622981,112.5,-1.149723
-6.310526,112.40001,-1.148734
-1.706617,112.20001,-1.146994
-5.687178,112.20001,-1.14675
-5.99325,112.20001,-1.146721
-5.371492,112.0,-1.144734
-2.005714,111.8,-1.142895
-5.056876,111.8,-1.142716
-4.747581,111.70001,-1.141719
-4.434836,111.5,-1.139697
-2.30262,111.40001,-1.138795
-4.126868,111.40001,-1.138697
-3.815999,111.20001,-1.136673
-3.509363,111.100006,-1.135669
-2.594992,110.90001,-1.133671
-2.895075,110.8,-1.132635
-3.197487,110.8,-1.13262
5.988767,125.90001,-0.943186
6.332242,125.90001,-0.943164
5.609397,125.100006,-0.937214
5.23437,124.3,-0.931241
4.871565,123.70001,-0.926765
4.519344,123.3,-0.923785
4.15572,122.5,-0.917808
3.796444,121.700005,-0.911829
3.44152,120.90001,-0.905848
3.096097,120.30001,-0.901365
2.753936,119.700005,-0.89688
2.417067,119.200005,-0.893143
-19.309553,119.00001,-0.889695
-18.97075,118.9,-0.889007
2.081163,118.60001,-0.888656
-19.599348,118.80001,-0.888138
-18.616749,118.700005,-0.887572
-18.263775,118.50001,-0.886135
-17.911829,118.30001,-0.884698
1.748526,118.00001,-0.884167
-17.575783,118.200005,-0.884007
-17.225622,118.00001,-0.882568
-16.876495,117.80001,-0.881128
-16.542458,117.700005,-0.880435
1.419158,117.4,-0.879678
-16.195124,117.50001,-0.878993
-19.70354,117.50001,-0.878359
-15.848823,117.30001,-0.87755
-15.198226,117.200005,-0.876905
-15.516795,117.200005,-0.876854
-14.866911,117.1,-0.876207
1.092124,116.700005,-0.874437
-14.498818,116.700005,-0.873264
-14.169304,116.6,-0.872565
-13.511764,116.4,-0.871162
-13.828406,116.4,-0.871116
0.76957,116.1,-0.869945
-13.172401,116.200005,-0.869712
-12.834081,116.00001,-0.86826
0.451069,115.700005,-0.86695
-12.486011,115.700005,-0.866058
-12.150048,115.50001,-0.864604
-11.825377,115.4,-0.863897
0.134632,115.200005,-0.863205
-11.501208,115.3,-0.86319
-11.167839,115.1,-0.861732
-10.835517,114.9,-0.860274
-0.179075,114.700005,-0.859458
-10.504245,114.700005,-0.858814
-10.182909,114.600006,-0.858102
-9.844851,114.3,-0.855891
-0.490051,114.200005,-0.85571
-0.799699,113.90001,-0.85346
-8.879252,113.90001,-0.852997
-9.18967,113.90001,-0.852964
-9.500053,113.90001,-0.852931
-8.561276,113.8,-0.852279
-1.105757,113.40001,-0.84971
-8.222062,113.40001,-0.849314
-7.590313,113.20001,-0.847874
-7.898951,113.20001,-0.847845
-7.268777,113.0,-0.846403
-1.409079,112.90001,-0.845958
-6.942146,112.70001,-0.844182
-6.617124,112.40001,-0.841959
-1.708145,112.3,-0.841457
-5.998618,112.3,-0.841256
-6.304939,112.3,-0.841234
-5.682135,112.100006,-0.83978
-2.007517,111.90001,-0.838453
-5.36672,111.90001,-0.838302
-5.052375,111.70001,-0.836823
-4.743351,111.600006,-0.836092
-2.30263,111.40001,-0.834698
-4.430877,111.40001,-0.83461
-4.123181,111.3,-0.833877
-3.816015,111.20001,-0.833143
-3.509378,111.100006,-0.832407
-2.595004,110.90001,-0.830943
-3.200388,110.90001,-0.830921
-2.895088,110.8,-0.830183
5.998298,126.100006,-0.600514
5.62735,125.50001,-0.59767
5.238597,124.40001,-0.592444
4.867641,123.600006,-0.588646
4.508362,123.0,-0.5858
4.15234,122.40001,-0.582952
3.796456,121.700005,-0.579628
3.444378,121.00001,-0.576302
3.09868,120.40001,-0.573452
2.756245,119.80001,-0.570602
2.419103,119.30001,-0.568226
-19.309605,119.00001,-0.565557
-18.970798,118.9,-0.565121
2.08117,118.60001,-0.564898
-19.5994,118.80001,-0.564568
-18.616796,118.700005,-0.564208
-18.248407,118.4,-0.562819
-17.911877,118.30001,-0.562381
1.74705,117.9,-0.561568
-17.560959,118.10001,-0.561467
-17.22567,118.00001,-0.561027
-16.876543,117.80001,-0.560112
-16.528446,117.6,-0.559196
1.419162,117.4,-0.55919
-16.181383,117.4,-0.558279
-19.686821,117.4,-0.557876
-15.848865,117.30001,-0.557837
-15.185301,117.1,-0.556952
-15.503597,117.1,-0.556919
1.092127,116.700005,-0.555859
-14.828868,116.80001,-0.555557
-14.486434,116.6,-0.554637
0.770235,116.200005,-0.55348
-14.132889,116.30001,-0.553241
-13.804685,116.200005,-0.552796
-13.46537,116.00001,-0.551874
0.45146,115.80001,-0.551576
-13.13843,115.9,-0.551428
-12.789862,115.6,-0.550029
0.134866,115.4,-0.549671
-12.464463,115.50001,-0.549581
-12.129043,115.3,-0.548656
-11.804917,115.200005,-0.548207
-11.471318,115.00001,-0.547281
-0.179231,114.8,-0.546813
-11.138763,114.8,-0.546355
-10.816688,114.700005,-0.545903
-10.495117,114.600006,-0.545452
-0.490911,114.4,-0.544907
-10.165167,114.4,-0.544523
-9.836267,114.200005,-0.543594
-0.800404,114.00001,-0.543
-9.189696,113.90001,-0.542209
-9.50008,113.90001,-0.542188
-8.561301,113.8,-0.541774
-8.871482,113.8,-0.541754
-8.243837,113.700005,-0.541317
-1.106735,113.50001,-0.540617
-7.912931,113.40001,-0.539907
-7.590335,113.20001,-0.538973
-1.41158,113.100006,-0.538708
-7.262368,112.90001,-0.537562
-6.942167,112.70001,-0.536626
-1.711193,112.5,-0.535847
-6.62303,112.5,-0.53569
-6.310572,112.40001,-0.535228
-5.998635,112.3,-0.534767
-5.682152,112.100006,-0.533828
-2.009317,112.0,-0.533461
-5.366736,111.90001,-0.532889
-5.05239,111.70001,-0.531948
-4.743366,111.600006,-0.531484
-2.304703,111.5,-0.531074
-4.430891,111.40001,-0.530542
-4.11949,111.20001,-0.5296
-3.809163,111.0,-0.528656
-2.595011,110.90001,-0.52821
-3.503072,110.90001,-0.528189
-2.892484,110.7,-0.527251
-3.194625,110.7,-0.527244
6.012579,126.40001,-0.25695
6.34736,126.200005,-0.256537
5.640811,125.8,-0.255736
5.251239,124.70001,-0.253505
4.871588,123.70001,-0.251477
4.50837,123.0,-0.250059
4.148955,122.3,-0.24864
3.796463,121.700005,-0.247425
3.44723,121.100006,-0.246208
3.106406,120.700005,-0.245398
2.765452,120.200005,-0.244385
2.427218,119.700005,-0.243371
2.084683,118.80001,-0.241543
-19.293404,118.9,-0.241215
-18.954872,118.80001,-0.241029
-19.58293,118.700005,-0.240793
-18.60114,118.60001,-0.240639
-18.248434,118.4,-0.24025
-17.911901,118.30001,-0.240062
1.748535,118.00001,-0.239919
-17.560986,118.10001,-0.239672
-17.211094,117.9,-0.239282
-16.86224,117.700005,-0.238891
-19.720387,117.6,-0.238545
-16.514416,117.50001,-0.2385
1.417956,117.30001,-0.238497
-16.181408,117.4,-0.238311
-15.835378,117.200005,-0.23792
-15.490381,117.00001,-0.237528
1.093065,116.80001,-0.237482
-15.146421,116.80001,-0.237136
-14.816193,116.700005,-0.236947
0.770899,116.30001,-0.236466
-14.461608,116.4,-0.236351
-14.120758,116.200005,-0.235958
0.45224,116.00001,-0.235857
-13.780947,116.00001,-0.235565
-13.453782,115.9,-0.235374
0.1351,115.6,-0.235044
-13.115779,115.700005,-0.234981
-12.789881,115.6,-0.23479
-12.453691,115.4,-0.234395
-0.179856,115.200005,-0.23423
-12.129063,115.3,-0.234204
-11.794688,115.1,-0.233809
-11.471335,115.00001,-0.233617
-11.13878,114.8,-0.233221
-0.492199,114.700005,-0.233213
-10.816706,114.700005,-0.233029
-10.485977,114.50001,-0.232633
-10.165183,114.4,-0.232439
-0.802512,114.3,-0.232399
-9.82767,114.100006,-0.23184
-1.110637,113.90001,-0.231585
-9.181643,113.8,-0.231249
-9.491756,113.8,-0.231239
-1.417823,113.600006,-0.230974
-8.2366,113.600006,-0.230868
-8.546268,113.600006,-0.230859
-8.855905,113.600006,-0.230851
-7.912944,113.40001,-0.230469
-7.576936,113.0,-0.229664
-1.71728,112.90001,-0.229549
-7.249514,112.70001,-0.229061
-6.936018,112.600006,-0.228865
-6.623042,112.5,-0.228669
-6.310583,112.40001,-0.228472
-5.998645,112.3,-0.228275
-2.012909,112.20001,-0.228124
-5.682161,112.100006,-0.227874
-5.366745,111.90001,-0.227473
-5.052399,111.70001,-0.227072
-2.306775,111.600006,-0.226902
-4.743374,111.600006,-0.226873
-4.430899,111.40001,-0.226471
-4.119497,111.20001,-0.226069
-3.809169,111.0,-0.225667
-2.595015,110.90001,-0.225476
-3.503077,110.90001,-0.225467
-2.892489,110.7,-0.225067
-3.194631,110.7,-0.225064
-0.0,0.0,0.0
-3.191746,110.600006,0.077048
-2.889877,110.600006,0.077049
-3.49992,110.8,0.077186
-2.592677,110.8,0.077189
-3.805739,110.90001,0.077255
-4.119498,111.20001,0.077462
-4.430901,111.40001,0.0776
-2.304708,111.5,0.077678
-4.743375,111.600006,0.077738
-5.0524,111.70001,0.077806
-5.366747,111.90001,0.077943
-5.677094,112.0,0.078011
-2.009321,112.0,0.078027
-5.998648,112.3,0.078218
-6.310585,112.40001,0.078286
-6.623042,112.5,0.078353
-6.93602,112.600006,0.07842
-7.249517,112.70001,0.078488
-1.714239,112.70001,0.078515
-7.570234,112.90001,0.078624
-7.89899,113.20001,0.078831
-1.414079,113.3,0.078934
-8.222102,113.40001,0.078967
-8.538749,113.50001,0.079034
-8.863705,113.700005,0.07917
-1.108688,113.700005,0.079213
-9.189714,113.90001,0.079307
-9.50844,114.00001,0.079373
-0.800406,114.00001,0.079422
-9.836287,114.200005,0.079509
-10.1563,114.3,0.079575
-10.476821,114.4,0.079642
-10.807277,114.600006,0.079777
-0.49177,114.600006,0.079841
-11.129082,114.700005,0.079843
-11.461363,114.9,0.079979
-11.794692,115.1,0.080114
-0.1797,115.1,0.080189
-12.129066,115.3,0.08025
-12.464485,115.50001,0.080385
0.134984,115.50001,0.080468
-12.80095,115.700005,0.08052
-13.12712,115.80001,0.080585
-13.465394,116.00001,0.08072
0.451851,115.9,0.080746
-13.80471,116.200005,0.080855
0.770237,116.200005,0.080955
-14.145066,116.4,0.08099
-14.474036,116.50001,0.081055
-14.816198,116.700005,0.081189
1.09213,116.700005,0.081303
-15.159395,116.9,0.081324
-15.503626,117.1,0.081458
-15.835382,117.200005,0.081523
1.415539,117.1,0.081581
-16.16763,117.30001,0.081587
-16.514421,117.50001,0.081722
-19.73716,117.700005,0.081807
-16.862246,117.700005,0.081856
-17.2111,117.9,0.081989
1.74409,117.700005,0.081999
-17.560991,118.10001,0.082123
-17.911907,118.30001,0.082257
-18.248438,118.4,0.082321
-18.601147,118.60001,0.082455
-19.582933,118.700005,0.082507
2.079419,118.50001,0.082555
-18.954878,118.80001,0.082588
-19.29341,118.9,0.082652
2.419107,119.30001,0.083112
2.760852,120.00001,0.083599
3.10126,120.50001,0.083946
3.450078,121.200005,0.084433
3.793344,121.600006,0.08471
4.148956,122.3,0.085196
4.508371,123.0,0.085682
4.871589,123.70001,0.086168
5.24703,124.600006,0.086794
5.631845,125.600006,0.087488
6.012581,126.40001,0.088043
6.387599,127.00001,0.088459
-3.197514,110.8,0.379641
-2.8951,110.8,0.379647
-3.503075,110.90001,0.379978
-3.809167,111.0,0.380315
-2.597354,111.0,0.380337
-4.115789,111.100006,0.380651
-4.426918,111.3,0.381329
-4.73912,111.5,0.382006
-2.306773,111.600006,0.382397
-5.052395,111.70001,0.382683
-5.361945,111.8,0.383017
-5.677088,112.0,0.383693
-5.987958,112.100006,0.384025
-2.012907,112.20001,0.384456
-6.304964,112.3,0.3847
-6.61715,112.40001,0.385032
-6.936014,112.600006,0.385706
-1.714237,112.70001,0.386173
-7.255942,112.8,0.386379
-7.570226,112.90001,0.386709
-7.892004,113.100006,0.387381
-8.214843,113.3,0.388053
-1.415325,113.40001,0.388574
-8.538741,113.50001,0.388724
-8.863696,113.700005,0.389394
-1.108687,113.700005,0.389604
-9.181637,113.8,0.389722
-9.508431,114.00001,0.390392
-0.801107,114.100006,0.390976
-9.836277,114.200005,0.391061
-10.174063,114.50001,0.392072
-0.491769,114.600006,0.392691
-10.504285,114.700005,0.39274
-10.835559,114.9,0.393407
-11.167881,115.1,0.394074
-0.1797,115.1,0.394405
-11.501252,115.3,0.39474
-11.825423,115.4,0.395064
-12.475264,115.6,0.39571
-12.160614,115.6,0.39573
0.134983,115.50001,0.395775
-12.812002,115.80001,0.396375
-13.138442,115.9,0.396696
0.45224,116.00001,0.397488
-13.4886,116.200005,0.397702
-13.816577,116.30001,0.398023
0.770899,116.30001,0.398515
-14.474024,116.50001,0.398663
-14.157206,116.50001,0.398686
-14.82888,116.80001,0.399667
-15.172347,117.00001,0.400328
1.094,116.9,0.40057
-15.51685,117.200005,0.400989
-15.848878,117.30001,0.401307
-16.181398,117.4,0.401625
1.417955,117.30001,0.401938
-16.514406,117.50001,0.401942
-16.847902,117.6,0.402259
-19.737144,117.700005,0.402361
-17.19649,117.80001,0.402918
1.74557,117.80001,0.403649
-17.560974,118.10001,0.403918
-17.91189,118.30001,0.404576
-18.263838,118.50001,0.405233
-18.61681,118.700005,0.40589
-19.599415,118.80001,0.40615
-18.95486,118.80001,0.406205
2.081172,118.60001,0.406387
-19.293392,118.9,0.406519
2.419105,119.30001,0.408781
2.758549,119.9,0.410833
3.106404,120.700005,0.413569
3.452921,121.3,0.415619
3.802699,121.90001,0.417669
4.159129,122.600006,0.42006
4.515698,123.20001,0.422109
4.879461,123.90001,0.424499
5.247024,124.600006,0.426889
5.622872,125.40001,0.42962
5.998304,126.100006,0.432009
6.372503,126.700005,0.434054
-3.197507,110.8,0.682094
-2.895093,110.8,0.682103
-3.503066,110.90001,0.682699
-3.81259,111.100006,0.683919
-2.599688,111.100006,0.683959
-4.119484,111.20001,0.684523
-4.430885,111.40001,0.685741
-4.739109,111.5,0.686342
-5.04786,111.600006,0.686943
-5.357137,111.70001,0.687543
-2.308835,111.70001,0.68766
-5.672006,111.90001,0.688757
-5.982603,112.0,0.689355
-6.299336,112.20001,0.690567
-2.012903,112.20001,0.690745
-6.617134,112.40001,0.691779
-6.935997,112.600006,0.692989
-7.249492,112.70001,0.693583
-1.715754,112.8,0.694444
-7.570209,112.90001,0.694792
-7.891987,113.100006,0.696
-8.207574,113.20001,0.696591
-8.531197,113.40001,0.697797
-1.41657,113.50001,0.698759
-8.855879,113.600006,0.699002
-9.173547,113.700005,0.69959
-9.500068,113.90001,0.700793
-1.111609,114.00001,0.701841
-9.836254,114.200005,0.702611
-0.803211,114.4,0.704306
-10.17404,114.50001,0.704427
-10.495103,114.600006,0.705012
-10.816674,114.700005,0.705596
-11.138748,114.8,0.706179
-11.471302,115.00001,0.707377
-0.493485,115.00001,0.708002
-11.804902,115.200005,0.708574
-12.129027,115.3,0.709154
-12.464447,115.50001,0.710349
-0.180324,115.50001,0.711081
-12.800908,115.700005,0.711543
-13.127078,115.80001,0.712121
0.135334,115.80001,0.712929
-13.47696,116.1,0.713928
-13.804667,116.200005,0.714505
0.452629,116.1,0.714774
-14.157173,116.50001,0.71631
-14.486414,116.6,0.716885
0.772223,116.50001,0.717235
-14.828847,116.80001,0.718074
-15.159348,116.9,0.718647
1.094934,117.00001,0.720311
-15.516818,117.200005,0.720449
-15.848845,117.30001,0.721021
-16.514372,117.50001,0.722162
-16.195147,117.50001,0.722206
-16.862196,117.700005,0.723346
1.420369,117.50001,0.723385
-19.753874,117.80001,0.723528
-17.21105,117.9,0.724529
1.745566,117.80001,0.725227
-17.560938,118.10001,0.725712
-17.911856,118.30001,0.726894
-18.2638,118.50001,0.728075
2.077657,118.4,0.728915
-18.616774,118.700005,0.729255
-19.599377,118.80001,0.729721
-18.954823,118.80001,0.729821
-19.30958,119.00001,0.730999
2.415044,119.10001,0.733218
2.756242,119.80001,0.737519
3.106397,120.700005,0.743051
3.458606,121.5,0.747965
3.812048,122.2,0.752264
4.165904,122.8,0.755945
4.519352,123.3,0.75901
4.883387,124.0,0.763304
5.251224,124.70001,0.767598
5.627342,125.50001,0.772506
5.988777,125.90001,0.77495
6.357399,126.40001,0.778009
-3.200381,110.90001,0.985432
-2.897695,110.90001,0.985446
-3.506212,111.0,0.986306
-4.119469,111.20001,0.988049
-3.816007,111.20001,0.988067
-2.602018,111.20001,0.988124
-4.430868,111.40001,0.989807
-4.739091,111.5,0.990676
-2.306759,111.600006,0.991689
-5.052364,111.70001,0.992431
-5.361912,111.8,0.993297
-5.671985,111.90001,0.994161
-5.987922,112.100006,0.995913
-2.011101,112.100006,0.996142
-6.304926,112.3,0.997663
-6.622996,112.5,0.999411
-1.712705,112.600006,1.000593
-6.942132,112.70001,1.001159
-7.262331,112.90001,1.002904
-7.576886,113.0,1.00376
-7.898936,113.20001,1.005504
-1.412821,113.20001,1.005932
-8.222045,113.40001,1.007246
-8.538689,113.50001,1.008098
-8.855847,113.600006,1.008949
-9.173515,113.700005,1.009798
-1.109655,113.8,1.011269
-9.508374,114.00001,1.012423
-9.836219,114.200005,1.014158
-0.802506,114.3,1.015716
-10.182888,114.600006,1.017668
-10.504223,114.700005,1.018512
-10.826065,114.8,1.019355
-0.492625,114.8,1.020163
-11.148411,114.9,1.020197
-11.491211,115.200005,1.022813
-12.139505,115.4,1.024491
-11.825354,115.4,1.02454
-0.180011,115.3,1.024607
-12.464403,115.50001,1.025328
-12.800865,115.700005,1.027051
-13.127032,115.80001,1.027886
0.135216,115.700005,1.028162
-13.476913,116.1,1.030494
0.452237,116.00001,1.030827
-13.804619,116.200005,1.031326
-14.144973,116.4,1.033045
0.771557,116.4,1.034378
-14.486367,116.6,1.034762
-14.828798,116.80001,1.036478
-15.172264,117.00001,1.038193
1.094929,117.00001,1.039706
-15.516767,117.200005,1.039906
-15.848793,117.30001,1.040732
-16.195093,117.50001,1.042443
-19.720272,117.6,1.042578
1.419155,117.4,1.043255
-16.528372,117.6,1.043266
-16.862139,117.700005,1.044088
-17.210993,117.9,1.045796
-17.56088,118.10001,1.047503
1.747041,117.9,1.047691
-17.911798,118.30001,1.049209
-18.279156,118.60001,1.051801
-19.582813,118.700005,1.052403
-18.616714,118.700005,1.052617
2.079404,118.50001,1.053014
-19.293293,118.9,1.054248
-18.970716,118.9,1.05432
2.41909,119.30001,1.060113
2.760832,120.00001,1.066322
3.114106,121.00001,1.075195
3.458593,121.5,1.079623
3.815153,122.3,1.086716
4.169281,122.90001,1.09203
4.526666,123.5,1.097342
4.887308,124.100006,1.102652
5.263837,125.0,1.110626
5.640773,125.8,1.11771
6.003025,126.200005,1.121239
6.362405,126.50001,1.123877
-3.197479,110.8,1.286989
-2.895068,110.8,1.287007
-3.506194,111.0,1.289293
-3.812556,111.100006,1.290433
-2.599664,111.100006,1.290507
-4.119448,111.20001,1.291572
-4.426868,111.3,1.292709
-4.747568,111.70001,1.297329
-2.308814,111.70001,1.297491
-5.056862,111.8,1.298462
-5.366682,111.90001,1.299593
-5.682094,112.100006,1.301884
-2.011091,112.100006,1.30215
-5.998575,112.3,1.304174
-6.316123,112.5,1.306461
-1.712696,112.600006,1.307969
-6.634738,112.70001,1.308747
-6.960576,113.0,1.312192
-1.411565,113.100006,1.313786
-7.590259,113.20001,1.314432
-7.281592,113.20001,1.314474
-7.905873,113.3,1.315549
-8.229256,113.50001,1.317826
-8.54617,113.600006,1.31894
-1.107699,113.600006,1.319601
-8.871394,113.8,1.321214
-9.189605,113.90001,1.322324
-9.516668,114.100006,1.324594
-0.801098,114.100006,1.325415
-9.836171,114.200005,1.325701
-10.485857,114.50001,1.329071
-10.173953,114.50001,1.329128
-10.807153,114.600006,1.330174
-0.491764,114.600006,1.331227
-11.128953,114.700005,1.331274
-11.46123,114.9,1.333534
-0.179386,114.9,1.334714
-11.794556,115.1,1.335792
-12.128928,115.3,1.338048
-12.464344,115.50001,1.340302
0.134865,115.4,1.340522
-12.800804,115.700005,1.342555
-13.138306,115.9,1.344807
0.451845,115.9,1.346329
-13.804555,116.200005,1.348144
-13.48846,116.200005,1.348216
-14.132757,116.30001,1.34923
-14.473875,116.50001,1.351475
0.772879,116.6,1.354456
-14.828728,116.80001,1.354878
-15.172194,117.00001,1.35712
-15.503456,117.1,1.3582
-15.848722,117.30001,1.360439
-16.195023,117.50001,1.362676
1.098667,117.4,1.363744
-16.54235,117.700005,1.364911
-19.770496,117.9,1.366329
-16.890715,117.9,1.367145
-17.225513,118.00001,1.368218
1.423983,117.80001,1.368383
-17.560802,118.10001,1.36929
-17.911716,118.30001,1.37152
-18.26366,118.50001,1.373749
1.752959,118.30001,1.374182
-19.582731,118.700005,1.375696
-18.632315,118.80001,1.377135
-19.29321,118.9,1.378108
-18.970634,118.9,1.378202
2.086413,118.9,1.38114
2.425161,119.60001,1.389259
2.76542,120.200005,1.396213
3.111516,120.90001,1.404327
3.452882,121.3,1.408954
3.805776,122.0,1.417064
4.162475,122.70001,1.425172
4.519312,123.3,1.432115
4.883344,124.0,1.440219
5.251177,124.70001,1.44832
5.636261,125.70001,1.459903
5.998237,126.100006,1.464515
6.412669,127.50001,1.480739
-3.197458,110.8,1.58943
-3.503013,110.90001,1.590841
-2.897662,110.90001,1.590886
-3.812531,111.100006,1.593683
-2.599648,111.100006,1.593775
-4.119421,111.20001,1.59509
-4.430817,111.40001,1.597928
-5.052307,111.70001,1.602164
-4.747538,111.70001,1.602199
-2.308799,111.70001,1.6024
-5.371443,112.0,1.60643
-5.687126,112.20001,1.609259
-2.012872,112.20001,1.609588
-6.003879,112.40001,1.612087
-6.316082,112.5,1.613478
-6.628808,112.600006,1.614866
-1.714206,112.70001,1.616774
-6.960532,113.0,1.620555
-7.275113,113.100006,1.62194
-1.411556,113.100006,1.622524
-7.590211,113.20001,1.623322
-7.905823,113.3,1.624702
-8.236453,113.600006,1.628948
-1.107692,113.600006,1.629706
-8.55364,113.700005,1.630324
-8.871339,113.8,1.631697
-9.189548,113.90001,1.633069
-9.508269,114.00001,1.634438
-0.800391,114.00001,1.635451
-9.83611,114.200005,1.637239
-0.491332,114.50001,1.642629
-10.494951,114.600006,1.642835
-10.182776,114.600006,1.642906
-10.816517,114.700005,1.644196
-11.138586,114.8,1.645556
-11.481111,115.1,1.649779
-0.179541,115.00001,1.649804
-11.814978,115.3,1.652568
-12.139374,115.4,1.653921
-12.464269,115.50001,1.655272
0.134864,115.4,1.655543
-12.800728,115.700005,1.658055
-13.138227,115.9,1.660835
0.452232,116.00001,1.664148
-13.804473,116.200005,1.664956
-13.488379,116.200005,1.665046
-14.144823,116.4,1.667731
-14.47379,116.50001,1.66907
0.771548,116.4,1.669882
-14.828643,116.80001,1.673274
-15.172105,117.00001,1.676042
-15.516606,117.200005,1.678808
-15.848629,117.30001,1.680141
1.097724,117.30001,1.682787
-16.194927,117.50001,1.682904
-16.542257,117.700005,1.685665
-16.876297,117.80001,1.686992
-19.770391,117.9,1.687416
-17.21082,117.9,1.688317
1.423974,117.80001,1.689951
-17.560703,118.10001,1.691073
-17.896477,118.200005,1.692395
-18.263557,118.50001,1.696579
-18.600847,118.60001,1.697898
1.755911,118.50001,1.699982
-19.599123,118.80001,1.700415
-18.954578,118.80001,1.700647
-19.293106,118.9,1.701963
2.089909,119.10001,1.708576
2.429201,119.80001,1.718601
2.767703,120.30001,1.725755
3.111496,120.90001,1.734341
3.45286,121.3,1.740056
3.805751,122.0,1.750072
4.162448,122.70001,1.760085
4.522948,123.40001,1.770095
4.883312,124.0,1.778668
5.255354,124.8,1.790107
5.636225,125.70001,1.802978
6.002956,126.200005,1.810108
-3.194547,110.7,1.890156
-2.892413,110.7,1.890182
-3.805638,110.90001,1.893512
-3.502985,110.90001,1.893543
-2.597287,111.0,1.895328
-4.115685,111.100006,1.896893
-4.422828,111.20001,1.898564
-4.739,111.5,1.903648
-5.047744,111.600006,1.905314
-2.310848,111.8,1.909009
-5.366606,111.90001,1.910392
-5.682014,112.100006,1.91376
-5.993149,112.20001,1.915418
-6.31042,112.40001,1.918781
-6.622871,112.5,1.920434
-2.018238,112.5,1.92098
-6.942001,112.70001,1.923791
-7.255761,112.8,1.925439
-1.717235,112.90001,1.927826
-7.576743,113.0,1.928791
-7.891809,113.100006,1.930434
-1.414041,113.3,1.93467
-8.221891,113.40001,1.935488
-8.538529,113.50001,1.937126
-8.855682,113.600006,1.938761
-9.173343,113.700005,1.940394
-1.109633,113.8,1.943218
-9.508198,114.00001,1.945437
-0.801788,114.200005,1.950057
-9.844649,114.3,1.950478
-10.1827,114.600006,1.955516
-0.491757,114.600006,1.956893
-10.50403,114.700005,1.957138
-10.835297,114.9,1.960465
-11.157909,115.00001,1.962082
-11.491001,115.200005,1.965404
-0.179695,115.1,1.965433
-11.825139,115.4,1.968723
-12.160324,115.6,1.972039
-12.496553,115.80001,1.975353
0.135214,115.700005,1.975679
-12.822762,115.9,1.976959
-13.160804,116.1,1.980268
0.453008,116.200005,1.984214
-14.461264,116.4,1.984954
-14.144723,116.4,1.985065
-13.828135,116.4,1.985174
-13.511497,116.4,1.98528
-14.803144,116.6,1.988252
0.772205,116.50001,1.989332
-15.15903,116.9,1.993253
-15.503256,117.1,1.996546
-15.848519,117.30001,1.999837
1.09678,117.200005,2.001277
-16.181032,117.4,2.001421
-16.528088,117.6,2.004707
-16.876179,117.80001,2.007992
-17.210703,117.9,2.009569
1.423963,117.80001,2.011512
-17.560585,118.10001,2.01285
-17.911495,118.30001,2.016128
-19.854105,118.4,2.017015
-18.248022,118.4,2.0177
-18.600723,118.60001,2.020974
-19.598997,118.80001,2.02397
-18.95445,118.80001,2.024246
-19.292976,118.9,2.025812
1.758861,118.700005,2.026867
2.098666,119.60001,2.042218
2.441348,120.40001,2.055859
2.774583,120.600006,2.059252
3.114046,121.00001,2.066057
3.452833,121.3,2.071151
3.805721,122.0,2.083072
4.162416,122.70001,2.094991
4.522913,123.40001,2.106906
4.883275,124.0,2.11711
5.255314,124.8,2.130726
5.627213,125.50001,2.142631
5.993396,126.00001,2.151119
-3.194518,110.7,2.192309
-3.499795,110.8,2.194257
-2.895,110.8,2.19432
-3.809035,111.0,2.198182
-2.597263,111.0,2.198308
-4.115647,111.100006,2.200123
-4.422788,111.20001,2.202062
-4.734707,111.40001,2.205978
-5.047698,111.600006,2.20989
-5.361761,111.8,2.2138
-2.310827,111.8,2.214176
-5.671825,111.90001,2.215726
-5.982412,112.0,2.217649
-6.299135,112.20001,2.22155
-6.611037,112.3,2.223467
-6.929618,112.5,2.227362
-7.242832,112.600006,2.229274
6.568492,130.6,2.229598
-2.020013,112.600006,2.230041
-7.56997,112.90001,2.235142
-7.891738,113.100006,2.239027
-1.720261,113.100006,2.239962
-8.214566,113.3,2.242909
-8.53093,113.40001,2.244809
-8.847807,113.50001,2.246705
-1.417772,113.600006,2.24988
-9.173262,113.700005,2.250579
-9.499773,113.90001,2.254449
-1.111573,114.00001,2.257815
-9.83595,114.200005,2.260296
-10.16484,114.4,2.26416
-10.494781,114.600006,2.268021
-0.804589,114.600006,2.269708
-10.825772,114.8,2.271879
-11.148109,114.9,2.273756
-0.49304,114.9,2.275656
-11.480927,115.1,2.277608
-11.804543,115.200005,2.279479
-12.160219,115.6,2.287283
-12.485654,115.700005,2.289149
-0.180474,115.6,2.289523
-12.822652,115.9,2.29299
-13.149358,116.00001,2.29485
0.135446,115.9,2.295465
-13.488168,116.200005,2.298685
-13.816138,116.30001,2.30054
0.453394,116.30001,2.303384
-14.473568,116.50001,2.304242
-14.156757,116.50001,2.30437
0.772198,116.50001,2.307339
-14.815719,116.700005,2.308067
-15.145938,116.80001,2.309911
1.093962,116.9,2.315252
-15.503128,117.1,2.315708
-15.834877,117.200005,2.317548
-16.1809,117.4,2.321363
-16.513903,117.50001,2.323198
-16.861717,117.700005,2.327007
1.420323,117.50001,2.327123
-17.22516,118.00001,2.332791
-17.575314,118.200005,2.336596
-17.911352,118.30001,2.338421
-18.24788,118.4,2.340245
1.751436,118.200005,2.340971
-18.600576,118.60001,2.344042
-19.598845,118.80001,2.347518
-18.954302,118.80001,2.347838
-19.292828,118.9,2.349654
2.088118,119.00001,2.356796
2.427132,119.700005,2.370637
2.765355,120.200005,2.380514
3.10887,120.8,2.392368
3.455648,121.40001,2.404218
3.808806,122.100006,2.418045
4.162377,122.70001,2.429888
4.522872,123.40001,2.443708
4.887168,124.100006,2.457524
5.259477,124.90001,2.473316
5.636129,125.70001,2.489105
-3.191599,110.600006,2.492201
-3.496599,110.7,2.494416
-2.892356,110.7,2.494488
-3.802131,110.8,2.496629
-2.594897,110.90001,2.499026
6.007611,126.3,2.500929
-4.418764,111.100006,2.503297
-4.115603,111.100006,2.503345
-4.734658,111.40001,2.510006
-5.043122,111.5,2.512205
-5.35691,111.70001,2.516654
-2.308736,111.70001,2.517081
-5.666697,111.8,2.518845
-5.982349,112.0,2.523287
-6.293456,112.100006,2.525472
-6.610969,112.3,2.529907
-2.016404,112.40001,2.532879
-6.935707,112.600006,2.536591
-7.249188,112.70001,2.538765
-7.569893,112.90001,2.54319
-1.717201,112.90001,2.544167
-7.891657,113.100006,2.547611
-8.214483,113.3,2.552028
-1.415261,113.40001,2.555452
-8.538367,113.50001,2.556442
-8.855512,113.600006,2.5586
-9.189305,113.90001,2.565259
-1.110586,113.90001,2.566734
-9.516357,114.100006,2.569663
-9.844463,114.3,2.574063
-0.803177,114.4,2.578012
-10.173623,114.50001,2.57846
-10.503834,114.700005,2.582853
-0.492176,114.700005,2.58478
-10.825665,114.8,2.584991
-11.147999,114.9,2.587127
-11.470839,115.00001,2.589259
-11.794179,115.1,2.591387
-12.139062,115.4,2.598016
-0.180004,115.3,2.598305
-12.485532,115.700005,2.604641
0.135211,115.700005,2.607319
-12.822527,115.9,2.609012
-13.160564,116.1,2.613379
-13.488036,116.200005,2.615493
0.452999,116.200005,2.618583
-14.144468,116.4,2.61971
-13.827884,116.4,2.619854
-14.473428,116.50001,2.621815
-14.815578,116.700005,2.626167
0.772852,116.6,2.62759
-15.158762,116.9,2.630517
-15.502983,117.1,2.634863
-15.834729,117.200005,2.636956
1.095822,117.1,2.638847
-16.18075,117.4,2.641296
-16.513746,117.50001,2.643384
-16.875887,117.80001,2.649969
1.421517,117.6,2.650101
-17.225004,118.00001,2.6543
-17.575151,118.200005,2.658629
-17.911194,118.30001,2.660707
-18.247717,118.4,2.662781
1.751418,118.200005,2.663604
-18.60041,118.60001,2.667103
-19.276434,118.80001,2.67124
-18.954134,118.80001,2.671421
2.088096,119.00001,2.68161
2.427106,119.700005,2.697359
2.765325,120.200005,2.708597
3.111411,120.90001,2.724338
3.461304,121.600006,2.740074
3.818124,122.40001,2.758061
4.175903,123.100006,2.773789
4.526489,123.5,2.782753
-3.194446,110.7,2.796588
-2.892322,110.7,2.796626
4.891056,124.20001,2.798474
-3.499717,110.8,2.799073
-3.805519,110.90001,2.801553
-2.597205,111.0,2.80424
-4.115555,111.100006,2.806556
-4.42269,111.20001,2.809029
-4.734602,111.40001,2.814024
5.263633,125.0,2.816442
-5.047586,111.600006,2.819015
-5.361642,111.8,2.824003
-2.310775,111.8,2.824482
-5.676768,112.0,2.828986
-5.987621,112.100006,2.83144
-6.610891,112.3,2.836335
-6.30461,112.3,2.836415
5.645038,125.90001,2.83666
6.002792,126.200005,2.843355
-6.935626,112.600006,2.843829
-2.019968,112.600006,2.84472
-7.249104,112.70001,2.846268
-7.5631,112.8,2.848702
-7.891566,113.100006,2.856184
-1.720222,113.100006,2.857376
-8.207138,113.20001,2.858611
-8.538269,113.50001,2.866085
-8.855411,113.600006,2.868505
-1.41774,113.600006,2.870027
-9.181132,113.8,2.873446
-9.499569,113.90001,2.875858
-9.827127,114.100006,2.880792
-1.112523,114.100006,2.882675
-10.164623,114.4,2.888246
-0.803869,114.50001,2.892793
-10.494557,114.600006,2.893171
-11.128471,114.700005,2.895439
-10.816114,114.700005,2.895569
-11.450761,114.8,2.897829
-0.492599,114.8,2.900381
-11.783803,115.00001,2.902741
-12.117889,115.200005,2.907649
-12.45302,115.4,2.912553
-0.180158,115.4,2.915544
-12.789196,115.6,2.917453
-13.115078,115.700005,2.919826
-13.453066,115.9,2.924719
0.135326,115.80001,2.92565
-13.792096,116.1,2.92961
-14.144315,116.4,2.937019
0.453384,116.30001,2.938279
-14.485694,116.6,2.941902
-14.828114,116.80001,2.946782
-15.158601,116.9,2.949134
0.774169,116.80001,2.950903
-15.489581,117.00001,2.951485
-15.834561,117.200005,2.956354
1.097681,117.30001,2.963524
-16.19436,117.50001,2.963743
-16.52763,117.6,2.966084
-16.861385,117.700005,2.968421
-17.195633,117.80001,2.970757
1.422709,117.700005,2.973614
-17.560104,118.10001,2.978132
-17.895868,118.200005,2.980461
1.751397,118.200005,2.986226
-18.262941,118.50001,2.98783
-18.600224,118.60001,2.990154
-19.27624,118.80001,2.994793
-18.953945,118.80001,2.994996
2.084562,118.80001,3.00136
2.420994,119.4,3.01649
2.760691,120.00001,3.031616
3.111374,120.90001,3.054316
3.46411,121.700005,3.074485
-3.194404,110.7,3.098711
-2.892284,110.7,3.098753
3.827437,122.70001,3.099702
-3.49967,110.8,3.101464
-3.805469,110.90001,3.104213
-4.111797,111.0,3.106957
-2.597171,111.0,3.107189
-4.418655,111.100006,3.109697
4.182638,123.3,3.114809
-4.73454,111.40001,3.118031
-5.042997,111.5,3.120762
-5.356776,111.70001,3.126289
-2.308677,111.70001,3.126819
4.537431,123.8,3.127386
-5.671625,111.90001,3.131811
-5.982202,112.0,3.134529
-6.298915,112.20001,3.140043
-6.610806,112.3,3.142753
-2.01456,112.3,3.143645
4.902812,124.5,3.14501
-6.929376,112.5,3.148258
-7.249011,112.70001,3.153759
-7.563002,112.8,3.156456
-7.884488,113.0,3.161948
5.271992,125.20001,3.16263
-1.718679,113.0,3.163266
-8.199783,113.100006,3.164638
-8.530636,113.40001,3.172919
-1.415226,113.40001,3.174485
-8.855298,113.600006,3.178398
5.644971,125.90001,3.180243
-9.499449,113.90001,3.186546
-9.189083,113.90001,3.186671
6.002722,126.200005,3.187749
-1.111533,114.00001,3.191299
-9.827001,114.100006,3.192012
-10.155609,114.3,3.197475
-10.485267,114.50001,3.202933
-0.803859,114.50001,3.205309
-10.806546,114.600006,3.20559
-11.128332,114.700005,3.208243
-11.450619,114.8,3.210892
-11.783656,115.00001,3.216334
-0.493022,114.9,3.216516
-12.128257,115.3,3.224568
-12.463658,115.50001,3.230003
-12.789039,115.6,3.232636
-0.180312,115.50001,3.233317
-13.126254,115.80001,3.238062
-13.452902,115.9,3.240688
0.135441,115.9,3.244515
-13.791928,116.1,3.246106
0.452988,116.200005,3.252909
-14.144145,116.4,3.254317
-14.485522,116.6,3.259727
-14.827937,116.80001,3.265134
0.773496,116.700005,3.266897
-15.184353,117.1,3.273332
-15.529113,117.30001,3.278732
1.097666,117.30001,3.283681
-15.874906,117.50001,3.284127
-16.207952,117.6,3.286723
-16.54149,117.700005,3.289317
-16.875517,117.80001,3.291908
-17.224627,118.00001,3.297289
1.423899,117.80001,3.29766
-17.559902,118.10001,3.299873
-17.925943,118.4,3.308042
1.752856,118.30001,3.311635
-18.278147,118.60001,3.313414
-18.631378,118.80001,3.318782
-19.29225,118.9,3.321128
-18.969685,118.9,3.321353
2.088044,119.00001,3.331203
2.425017,119.60001,3.347968
2.762956,120.100006,3.361928
3.111333,120.90001,3.384282
-3.194358,110.7,3.400822
-3.49962,110.8,3.403843
-2.894854,110.8,3.40394
3.464064,121.700005,3.40663
-3.805413,110.90001,3.40686
-4.115441,111.100006,3.412943
-2.599473,111.100006,3.413199
-4.422567,111.20001,3.415951
-4.738721,111.5,3.425097
-2.306577,111.600006,3.428597
-5.05197,111.70001,3.431167
3.824267,122.600006,3.431772
-5.366291,111.90001,3.437232
-5.681681,112.100006,3.443292
-2.010942,112.100006,3.443991
-5.992799,112.20001,3.446276
4.182583,123.3,3.45131
-6.310052,112.40001,3.452327
-6.622484,112.5,3.455301
-6.935437,112.600006,3.458271
-1.714091,112.70001,3.462453
-7.25534,112.8,3.464308
4.541037,123.90001,3.468045
-7.576304,113.0,3.47034
-7.891353,113.100006,3.473296
-8.206917,113.20001,3.476248
-1.412709,113.20001,3.477838
-8.530516,113.40001,3.482266
4.902747,124.5,3.484774
-8.847379,113.50001,3.485209
-1.107617,113.600006,3.490147
-9.180886,113.8,3.494288
-9.507657,114.00001,3.500293
5.267712,125.100006,3.501498
-0.801039,114.100006,3.505523
-9.835477,114.200005,3.506292
-10.164353,114.4,3.512287
-10.485123,114.50001,3.515207
-10.806397,114.600006,3.518123
-0.491727,114.600006,3.520894
5.983617,125.8,3.520935
5.640414,125.8,3.521015
-11.137879,114.8,3.524105
-11.460436,114.9,3.527012
-11.793741,115.1,3.532985
-0.179684,115.1,3.536261
-12.138612,115.4,3.542022
-12.46349,115.50001,3.544917
-12.788865,115.6,3.547807
-13.114741,115.700005,3.550694
0.135089,115.6,3.551623
-13.452722,115.9,3.556645
-13.791744,116.1,3.562592
0.452591,116.1,3.566981
-14.131805,116.30001,3.568534
-14.485329,116.6,3.577541
-14.840436,116.9,3.586543
0.774147,116.80001,3.588478
-15.184154,117.1,3.592473
-15.528913,117.30001,3.598399
-15.861189,117.4,3.601252
-16.193962,117.50001,3.604103
1.099522,117.50001,3.609969
-16.541277,117.700005,3.610017
-16.889624,117.9,3.615927
-17.2536,118.200005,3.6249
1.426295,118.00001,3.625312
-17.604284,118.4,3.630802
-17.940857,118.50001,3.633635
-18.308743,118.80001,3.642597
1.757275,118.60001,3.643721
-19.292011,118.9,3.644932
-18.646826,118.9,3.645421
-18.985407,119.00001,3.648244
2.091523,119.200005,3.662125
2.429037,119.80001,3.680524
2.765216,120.200005,3.692773
-3.496406,110.7,3.702863
-3.194307,110.7,3.702919
-2.894809,110.8,3.706314
-3.805353,110.90001,3.709493
3.111288,120.90001,3.714234
-4.11908,111.20001,3.719462
-2.601772,111.20001,3.71974
-4.426474,111.3,3.722737
-5.042845,111.5,3.72927
-4.738646,111.5,3.72935
3.455475,121.40001,3.729545
-2.30654,111.600006,3.733161
-5.356615,111.70001,3.735875
-5.671455,111.90001,3.742473
-5.987364,112.100006,3.749067
-2.01091,112.100006,3.749923
-6.304339,112.3,3.755655
3.814854,122.3,3.757138
-6.616494,112.40001,3.758894
-6.935329,112.600006,3.765473
-1.712543,112.600006,3.766679
-7.261659,112.90001,3.77539
4.172345,123.0,3.778582
-7.582891,113.100006,3.781958
-1.411438,113.100006,3.783431
-8.206789,113.20001,3.785047
-7.898208,113.20001,3.785177
-8.522862,113.3,3.788256
-8.847243,113.50001,3.794804
-1.107599,113.600006,3.800178
4.537306,123.8,3.803092
-9.180746,113.8,3.80469
-0.800324,114.00001,3.813576
-9.51585,114.100006,3.814571
-9.835329,114.200005,3.817761
-10.155314,114.3,3.820945
-10.475807,114.4,3.824125
4.902676,124.5,3.824524
-10.806235,114.600006,3.830643
-0.49172,114.600006,3.833658
-11.137711,114.8,3.837156
-11.47024,115.00001,3.843664
5.271847,125.20001,3.84595
-0.179682,115.1,3.850389
-11.814058,115.3,3.85351
-12.138432,115.4,3.856666
-12.484885,115.700005,3.866502
0.135087,115.6,3.867115
5.644816,125.90001,3.86737
-12.810802,115.80001,3.869649
5.993044,126.00001,3.870355
-13.13722,115.9,3.872791
-13.464135,116.00001,3.87593
-13.791543,116.1,3.879064
-14.119449,116.200005,3.882194
0.452584,116.1,3.883838
-14.460275,116.4,3.88866
-14.814834,116.700005,3.898462
0.774135,116.80001,3.907244
-15.196905,117.200005,3.914941
-15.541928,117.4,3.921393
-16.207516,117.6,3.927604
-15.887985,117.6,3.92784
1.101375,117.700005,3.937335
-16.569153,117.9,3.937383
-16.91804,118.10001,3.943819
1.42869,118.200005,3.954041
-17.618912,118.50001,3.956676
-17.297153,118.50001,3.956928
-19.56477,118.60001,3.95844
-18.30849,118.80001,3.966179
-17.98603,118.80001,3.966438
-19.291754,118.9,3.968723
-18.985147,119.00001,3.972329
-18.662256,119.00001,3.972594
1.761692,118.9,3.977431
2.094998,119.4,3.994124
-3.496345,110.7,4.00494
-3.194252,110.7,4.005001
-2.894758,110.8,4.008673
-3.805288,110.90001,4.012112
2.433054,120.00001,4.014158
-4.11901,111.20001,4.022894
-2.601727,111.20001,4.023194
2.769773,120.40001,4.027495
-4.430376,111.40001,4.030054
-2.308567,111.70001,4.041328
3.111238,120.90001,4.044171
-5.056327,111.8,4.044355
-4.751315,111.8,4.044442
-5.366115,111.90001,4.04788
-5.686563,112.20001,4.058635
3.45542,121.40001,4.060842
-2.014463,112.3,4.063075
-6.003284,112.40001,4.065766
-6.315459,112.5,4.069274
-6.628155,112.600006,4.072778
-6.947529,112.8,4.079893
-1.715555,112.8,4.081199
-7.2744,113.100006,4.090618
3.814793,122.3,4.090887
-7.589469,113.20001,4.094106
-1.412662,113.20001,4.095699
-8.522721,113.3,4.097302
-8.213902,113.3,4.097447
-7.905052,113.3,4.097587
-8.839301,113.40001,4.100768
-1.10758,113.600006,4.110194
-9.172526,113.700005,4.111461
4.172279,123.0,4.114236
-9.507354,114.00001,4.122148
-0.801012,114.100006,4.128302
-9.843778,114.3,4.13283
4.533569,123.70001,4.137578
-0.491282,114.50001,4.142787
-10.181801,114.600006,4.143506
-10.512263,114.8,4.15056
-10.834347,114.9,4.153994
-11.156936,115.00001,4.157424
4.898661,124.40001,4.160914
-11.490002,115.200005,4.164462
-0.179679,115.1,4.164501
-11.824113,115.4,4.171496
-12.148755,115.50001,4.17491
-12.484685,115.700005,4.181933
0.135084,115.6,4.182592
-12.810598,115.80001,4.185338
5.271764,125.20001,4.187589
-13.13701,115.9,4.188737
-13.46392,116.00001,4.192132
-13.791326,116.1,4.195521
-14.119227,116.200005,4.198907
0.452966,116.200005,4.204296
-14.460048,116.4,4.205901
-14.801908,116.6,4.21289
5.649211,126.00001,4.214256
6.002463,126.200005,4.22085
-15.170737,117.00001,4.227101
0.774784,116.9,4.229613
-15.51521,117.200005,4.23408
-15.860721,117.4,4.241054
-16.193487,117.50001,4.244412
1.099485,117.50001,4.251304
-16.55485,117.80001,4.25499
-16.889133,117.9,4.258338
-17.574043,118.200005,4.268635
-17.253101,118.200005,4.268906
1.427457,118.10001,4.27299
-18.2774,118.60001,4.282527
-17.955484,118.60001,4.282805
-19.580982,118.700005,4.284989
-18.952967,118.80001,4.28918
-18.630621,118.80001,4.289465
-19.291473,118.9,4.2925
1.76018,118.80001,4.298288
-3.191308,110.600006,4.303175
-3.496281,110.7,4.307001
-2.892092,110.7,4.307124
-3.801786,110.8,4.310822
-4.111525,111.0,4.318528
-4.42234,111.20001,4.326228
-2.601678,111.20001,4.326632
2.098472,119.60001,4.327199
-5.051712,111.70001,4.345499
-4.746978,111.70001,4.345592
2.439094,120.30001,4.352484
-5.366016,111.90001,4.35318
-2.312658,111.90001,4.353915
-5.68139,112.100006,4.360855
2.776626,120.700005,4.366909
-6.304117,112.3,4.368409
-5.997833,112.3,4.368525
-6.622148,112.5,4.376066
-6.935086,112.600006,4.379829
3.116331,121.100006,4.381328
-2.023395,112.8,4.388975
-7.261405,112.90001,4.391364
-7.575922,113.0,4.395114
3.458207,121.5,4.395742
-8.199255,113.100006,4.398709
-7.890956,113.100006,4.398859
-8.515045,113.20001,4.402442
-1.723127,113.3,4.408466
-8.839143,113.40001,4.410059
-9.164295,113.600006,4.41767
-1.417627,113.600006,4.420169
3.814728,122.3,4.424619
-9.498844,113.90001,4.429163
-1.111459,114.00001,4.435757
-9.834991,114.200005,4.440651
-10.172737,114.50001,4.452133
4.1756,123.100006,4.453491
-0.804507,114.600006,4.459122
-10.50292,114.700005,4.45972
-10.824727,114.8,4.463413
-11.147037,114.9,4.467101
-11.469852,115.00001,4.470784
4.533491,123.70001,4.475119
-11.803415,115.200005,4.478349
-0.493847,115.1,4.478589
-12.138025,115.4,4.485908
-0.1803,115.50001,4.49416
-12.484469,115.700005,4.497349
4.898578,124.40001,4.50036
-12.821442,115.9,4.504897
-13.148119,116.00001,4.508553
-13.475296,116.1,4.512203
0.135549,116.00001,4.513616
-13.802969,116.200005,4.515849
-14.131141,116.30001,4.519491
0.453347,116.30001,4.525283
5.267463,125.100006,4.525593
-14.472228,116.50001,4.527013
-14.814354,116.700005,4.534528
0.774107,116.80001,4.544727
-15.196414,117.200005,4.553696
-15.528192,117.30001,4.557317
5.649115,126.00001,4.558054
1.097593,117.30001,4.564164
6.002361,126.200005,4.565185
-15.887478,117.6,4.568702
-16.220785,117.700005,4.572313
-16.91751,118.10001,4.587289
-16.596739,118.10001,4.587573
1.426222,118.00001,4.591377
-17.603497,118.4,4.598363
-17.282015,118.4,4.598654
-19.564182,118.60001,4.604303
-3.496212,110.7,4.609046
-3.194129,110.7,4.609114
-3.801711,110.8,4.613135
-18.307928,118.80001,4.613302
-2.894647,110.8,4.613341
-17.985477,118.80001,4.613602
1.757184,118.60001,4.614692
-19.291174,118.9,4.616264
-18.968618,118.9,4.616573
-18.661688,119.00001,4.620764
-4.111445,111.0,4.621381
-4.422253,111.20001,4.629621
-2.603966,111.3,4.634216
2.093169,119.30001,4.641892
-5.051612,111.70001,4.650243
-4.746883,111.70001,4.650343
-5.36591,111.90001,4.658464
-2.312612,111.90001,4.659249
-5.681279,112.100006,4.666678
2.432966,120.00001,4.669084
-6.003057,112.40001,4.679048
-6.315221,112.5,4.683086
-2.019767,112.600006,4.68844
2.771974,120.50001,4.688488
-6.633792,112.70001,4.691281
-6.947269,112.8,4.695306
-7.274127,113.100006,4.707651
3.116273,121.100006,4.711777
-8.213595,113.3,4.71551
-7.904756,113.3,4.715671
-7.595888,113.3,4.715826
-1.723093,113.3,4.717625
-8.529925,113.40001,4.719505
-8.854561,113.600006,4.727656
-1.417599,113.600006,4.730149
3.460989,121.600006,4.731168
-9.180254,113.8,4.735801
-1.111437,114.00001,4.74683
-9.515341,114.100006,4.748101
-9.843415,114.3,4.756232
3.817777,122.40001,4.762224
-10.181428,114.600006,4.768519
-0.804491,114.600006,4.771833
-10.511879,114.8,4.776639
-10.843382,115.00001,4.784753
-11.166231,115.1,4.788699
4.175523,123.100006,4.789382
-11.489585,115.200005,4.79264
-0.493837,115.1,4.792666
-11.823686,115.4,4.800735
-12.158835,115.6,4.808825
4.533409,123.70001,4.812643
-12.484238,115.700005,4.812748
-0.180608,115.700005,4.817657
-12.821205,115.9,4.820826
-13.778962,116.00001,4.82423
-13.463445,116.00001,4.824487
-13.147879,116.00001,4.824739
0.135547,116.00001,4.830149
-14.130884,116.30001,4.836445
4.898487,124.40001,4.839786
-14.459544,116.4,4.840335
0.453728,116.4,4.846798
-14.814088,116.700005,4.852538
-15.157245,116.9,4.860576
5.267366,125.100006,4.866922
0.774754,116.9,4.867605
-15.50144,117.1,4.868609
-15.860179,117.4,4.880795
1.097571,117.30001,4.884242
-16.192936,117.50001,4.884659
-16.554289,117.80001,4.896834
-16.888565,117.9,4.900688
5.653493,126.100006,4.905722
1.424984,117.9,4.909199
-3.496138,110.7,4.911071
-3.194062,110.7,4.911144
-17.252525,118.200005,4.912851
-3.80163,110.8,4.915429
-2.894586,110.8,4.915647
-17.588326,118.30001,4.916696
6.016519,126.50001,4.921173
-4.111358,111.0,4.924215
-17.939749,118.50001,4.924693
-19.563856,118.60001,4.927212
-4.418183,111.100006,4.928559
-18.614326,118.700005,4.93236
-18.292208,118.700005,4.932684
1.755667,118.50001,4.93415
-19.274628,118.80001,4.935856
-18.952347,118.80001,4.936188
-2.603911,111.3,4.93789
-4.742534,111.600006,4.95064
-5.051506,111.70001,4.95497
2.091372,119.200005,4.963256
-5.365798,111.90001,4.963729
-2.312563,111.90001,4.964564
-5.68116,112.100006,4.972481
2.426836,119.700005,4.984029
-6.002932,112.40001,4.985662
-6.315089,112.5,4.989965
-2.01793,112.5,4.99123
-6.627768,112.600006,4.994261
-6.947124,112.8,5.002987
-7.267544,113.0,5.011705
-7.582323,113.100006,5.015982
2.771919,120.50001,5.017285
-7.897617,113.20001,5.020252
-8.522227,113.3,5.024338
-8.213427,113.3,5.024515
-1.723056,113.3,5.026764
-8.846587,113.50001,5.033024
-1.417569,113.600006,5.04011
-9.171999,113.700005,5.041702
3.118785,121.200005,5.046371
-9.498469,113.90001,5.050375
-9.817381,114.00001,5.054606
-1.111414,114.00001,5.057884
-10.154569,114.3,5.067699
3.469459,121.90001,5.075449
-10.493353,114.600006,5.080784
-0.804474,114.600006,5.084526
-10.814877,114.700005,5.084997
-11.449461,114.8,5.08897
-11.136903,114.8,5.089203
-11.78247,115.00001,5.097598
-12.116524,115.200005,5.106219
3.827058,122.70001,5.108683
-0.494685,115.3,5.115597
-12.462413,115.50001,5.119265
-12.798828,115.700005,5.127873
-13.124953,115.80001,5.132043
4.182224,123.3,5.133582
-0.18076,115.80001,5.137789
-13.778694,116.00001,5.140365
-13.463181,116.00001,5.140639
-14.118461,116.200005,5.148949
0.13566,116.1,5.151099
4.536983,123.8,5.15431
-14.471689,116.50001,5.161958
0.453719,116.4,5.164403
-14.813805,116.700005,5.170529
-15.474671,116.9,5.178795
-15.156956,116.9,5.179095
4.906265,124.600006,5.187521
0.775401,117.00001,5.191011
-15.832861,117.200005,5.19178
-16.17885,117.4,5.200329
-3.191105,110.600006,5.208445
-3.496059,110.7,5.213077
1.099419,117.50001,5.213173
-16.539927,117.700005,5.213301
-16.873928,117.80001,5.21741
-3.801545,110.8,5.217702
-2.894521,110.8,5.217935
5.279893,125.40001,5.220723
-17.223015,118.00001,5.225941
-4.418084,111.100006,5.23164
-4.114969,111.100006,5.231739
-17.573135,118.200005,5.234468
1.426163,118.00001,5.23533
-17.909145,118.30001,5.238561
-2.603852,111.3,5.241545
-18.245644,118.4,5.242649
-5.037827,111.40001,5.245549
-4.73393,111.40001,5.245662
-18.582628,118.50001,5.246734
5.657866,126.200005,5.253917
-5.351294,111.600006,5.254848
-18.936054,118.700005,5.25524
-19.5965,118.80001,5.258958
-19.274282,118.80001,5.259315
1.757112,118.60001,5.261915
6.011644,126.40001,5.262125
-5.66583,111.8,5.264138
-5.981436,112.0,5.273422
-2.314577,112.0,5.274568
-6.303723,112.3,5.287407
-6.61585,112.40001,5.291969
2.093083,119.30001,5.292929
-6.934654,112.600006,5.301231
-2.021472,112.70001,5.307585
-7.254522,112.8,5.310486
2.430839,119.9,5.319499
-7.575452,113.0,5.319734
-7.890467,113.100006,5.324267
-8.522042,113.3,5.333313
-8.213248,113.3,5.333501
-8.846394,113.50001,5.342533
-1.726059,113.50001,5.345304
2.774161,120.600006,5.350499
-9.171801,113.700005,5.351745
-9.498265,113.90001,5.360952
-1.42128,113.90001,5.364178
-9.81717,114.00001,5.365444
-10.145468,114.200005,5.374636
-1.114313,114.3,5.383046
-10.474817,114.4,5.383821
3.123865,121.40001,5.385927
-10.805217,114.600006,5.392998
-11.126967,114.700005,5.397465
-11.449219,114.8,5.401923
-0.80586,114.8,5.406616
-11.782221,115.00001,5.411081
3.475077,122.100006,5.41691
-12.126786,115.3,5.424938
-12.451361,115.4,5.429377
-13.102011,115.6,5.438238
-12.7875,115.6,5.438515
-0.495532,115.50001,5.439598
-13.439693,115.80001,5.447363
3.830096,122.8,5.447885
-13.766532,115.9,5.451777
-0.180912,115.9,5.458445
-14.118171,116.200005,5.465594
0.135657,116.1,5.467864
4.185528,123.40001,5.474417
-14.458971,116.4,5.4747
-14.788115,116.50001,5.479096
0.454098,116.50001,5.486697
-15.130718,116.700005,5.48819
-15.461123,116.80001,5.492575
4.547881,124.100006,5.505375
-15.819035,117.1,5.506359
0.775383,117.00001,5.51023
-3.495976,110.7,5.515063
-3.193914,110.7,5.515144
-16.164747,117.30001,5.515435
-2.894452,110.8,5.520201
-16.511492,117.50001,5.524503
-3.804886,110.90001,5.524938
-4.111168,111.0,5.529823
-16.85927,117.700005,5.533567
-4.41798,111.100006,5.534702
-17.193485,117.80001,5.537924
-2.601451,111.20001,5.540197
1.101266,117.700005,5.543176
-4.729568,111.3,5.544553
4.921912,125.0,5.545197
-17.543058,118.00001,5.546976
-5.037707,111.40001,5.549417
-17.878523,118.10001,5.551323
-18.214474,118.200005,5.555663
-18.550909,118.30001,5.559999
1.427339,118.10001,5.561985
-5.355963,111.70001,5.564236
-5.665697,111.8,5.569083
-2.310389,111.8,5.570151
-18.935694,118.700005,5.57843
-5.981296,112.0,5.578905
5.296624,125.8,5.580576
-19.273918,118.80001,5.582756
-6.292348,112.100006,5.583739
-19.612625,118.9,5.587076
-6.603923,112.20001,5.588565
-6.922175,112.40001,5.598364
1.761516,118.9,5.599624
-2.017836,112.5,5.605079
-7.24149,112.600006,5.608156
5.671196,126.50001,5.61151
6.02103,126.600006,5.615819
-7.561868,112.8,5.617939
-7.876332,112.90001,5.622736
-8.19856,113.100006,5.632506
2.098299,119.60001,5.632546
-8.514325,113.20001,5.637288
-1.722976,113.3,5.644984
-8.838396,113.40001,5.647042
-9.155458,113.50001,5.65181
-1.417503,113.600006,5.659969
2.436866,120.200005,5.66075
-9.48137,113.700005,5.66155
-9.808335,113.90001,5.671282
-1.111362,114.00001,5.67993
-10.136352,114.100006,5.681007
-10.465422,114.3,5.690724
2.780999,120.90001,5.693656
-10.795545,114.50001,5.700435
-0.803735,114.50001,5.704866
-11.117014,114.600006,5.70516
-11.448962,114.8,5.714856
-11.771712,114.9,5.719567
3.128941,121.600006,5.726553
-12.115999,115.200005,5.734227
-12.440296,115.3,5.738924
-0.494233,115.200005,5.739758
-13.09039,115.50001,5.748299
-12.776156,115.50001,5.748592
3.474999,122.100006,5.750022
-0.180284,115.50001,5.754714
-13.427791,115.700005,5.757954
-13.766232,115.9,5.767602
0.135537,116.00001,5.779627
-14.117864,116.200005,5.782219
3.830009,122.8,5.782903
-14.471079,116.50001,5.796828
0.453697,116.4,5.799549
-14.800492,116.6,5.80148
-15.130395,116.700005,5.806126
4.182042,123.3,5.806356
-15.460794,116.80001,5.810766
-3.190949,110.600006,5.811857
-3.495888,110.7,5.817026
-3.80136,110.8,5.822187
-2.894379,110.8,5.822445
-15.8187,117.1,5.825349
-4.409917,110.90001,5.827231
-4.107362,110.90001,5.82734
0.775365,117.00001,5.829429
-16.164408,117.30001,5.834951
-4.720952,111.100006,5.837623
-2.601385,111.20001,5.843536
4.54778,124.100006,5.843928
-16.511147,117.50001,5.844546
-5.03306,111.3,5.848007
-16.844593,117.6,5.849161
-17.19313,117.80001,5.858745
1.100304,117.6,5.8593
-17.527828,117.9,5.863348
-5.351035,111.600006,5.863638
-2.308265,111.70001,5.869875
-17.878155,118.10001,5.87292
-5.665556,111.8,5.874006
-18.2141,118.200005,5.877513
-5.975808,111.90001,5.879112
4.917864,124.90001,5.881491
1.427305,118.10001,5.884181
-6.28658,112.0,5.88421
-6.597874,112.100006,5.889301
-18.581896,118.50001,5.892046
-6.915846,112.3,5.899637
-2.014199,112.3,5.90146
-18.93531,118.700005,5.9016
-7.234883,112.5,5.909966
-19.289753,118.9,5.911149
-7.554981,112.70001,5.920286
-19.645226,119.10001,5.920692
5.296505,125.8,5.923754
1.762956,119.00001,5.928983
-7.87614,112.90001,5.930599
-1.71685,112.90001,5.93304
-20.018488,119.4,5.935201
-8.191111,113.0,5.93565
-8.506595,113.100006,5.940694
-8.830388,113.3,5.950984
5.666587,126.40001,5.951881
-1.413724,113.3,5.9541
-9.155236,113.50001,5.961266
2.100003,119.700005,5.963812
6.025651,126.700005,5.965873
-1.108409,113.700005,5.975154
-9.497818,113.90001,5.982043
-9.816711,114.00001,5.987057
2.438836,120.30001,5.99365
-10.456018,114.200005,5.997062
-10.144994,114.200005,5.997314
-0.801609,114.200005,6.001455
-10.785861,114.4,6.007305
-11.116751,114.600006,6.01754
-11.448692,114.8,6.027767
2.783233,121.00001,6.028461
-0.492504,114.8,6.033001
-11.78168,115.00001,6.037987
3.126293,121.5,6.0533
-12.126231,115.3,6.053449
-12.450795,115.4,6.058405
-0.179967,115.3,6.059287
-13.10142,115.6,6.068294
-12.786919,115.6,6.068603
3.47207,122.0,6.07813
-13.439088,115.80001,6.078478
-13.765916,115.9,6.083405
0.135417,115.9,6.090819
-14.117542,116.200005,6.098823
3.823681,122.600006,6.107933
-14.458328,116.4,6.108985
-3.797829,110.7,6.118868
-3.495796,110.7,6.118966
-3.19375,110.7,6.119056
-14.812848,116.700005,6.124388
-2.894303,110.8,6.124667
0.454466,116.6,6.127598
-15.143019,116.80001,6.129288
-4.409801,110.90001,6.129702
-4.107254,110.90001,6.129817
4.178551,123.20001,6.137728
-15.486918,117.00001,6.13943
-4.720828,111.100006,6.140634
-2.601317,111.20001,6.146853
-5.032928,111.3,6.151558
-15.845364,117.30001,6.154812
0.777996,117.4,6.169624
-16.205387,117.6,6.170185
4.540343,123.90001,6.172495
-5.355689,111.70001,6.173526
-2.308203,111.70001,6.174558
-16.538883,117.700005,6.17506
-16.87287,117.80001,6.179928
-17.207344,117.9,6.18479
-5.675543,112.0,6.189958
-17.55718,118.10001,6.194893
-6.29203,112.100006,6.195167
-5.986332,112.100006,6.19533
-6.603589,112.20001,6.200522
1.104019,118.00001,6.201131
-2.012352,112.20001,6.202255
-17.908043,118.30001,6.204988
-6.921826,112.40001,6.211395
4.909874,124.70001,6.212234
-18.259935,118.50001,6.215078
-7.241126,112.600006,6.222259
-18.612858,118.700005,6.225162
1.432103,118.50001,6.227374
-18.95086,118.80001,6.229995
-7.561489,112.8,6.233116
-19.289345,118.9,6.234823
-1.715284,112.8,6.235473
-7.882913,113.0,6.243964
-19.644814,119.10001,6.24489
-8.19815,113.100006,6.249278
5.28796,125.600006,6.256945
-1.412439,113.20001,6.257627
-8.521421,113.3,6.26011
-8.837958,113.40001,6.265409
-20.034836,119.50001,6.265437
1.767356,119.30001,6.269374
-9.16307,113.600006,6.276223
-1.10838,113.700005,6.285301
5.66197,126.3,6.291683
-9.497578,113.90001,6.292555
2.103459,119.9,6.300855
-9.825072,114.100006,6.303354
-0.800885,114.100006,6.307439
-10.153621,114.3,6.314144
-10.474066,114.4,6.319402
6.035021,126.9,6.32143
-10.795018,114.50001,6.324653
2.442829,120.50001,6.332327
-11.126174,114.700005,6.335419
-0.492491,114.8,6.346152
-11.45838,114.9,6.346179
2.780863,120.90001,6.35328
-11.791633,115.1,6.35693
-12.125932,115.3,6.367672
-12.461277,115.50001,6.378408
-0.180118,115.4,6.379329
3.123642,121.40001,6.379478
-12.786606,115.6,6.383613
-13.112435,115.700005,6.388811
-13.438761,115.80001,6.394002
-13.765582,115.9,6.399186
3.469137,121.90001,6.405668
-14.10505,116.1,6.409883
-3.492542,110.600006,6.415083
0.135647,116.1,6.418025
-14.445563,116.30001,6.420575
-3.797724,110.7,6.420779
-3.193662,110.7,6.420977
-2.894223,110.8,6.426864
-4.107141,110.90001,6.43227
-4.413655,111.0,6.437948
3.823585,122.600006,6.442358
0.454454,116.6,6.445658
-14.825189,116.80001,6.44782
-4.724948,111.20001,6.449421
-15.155624,116.9,6.452974
-5.03279,111.3,6.455083
-2.605923,111.40001,6.461745
-15.499789,117.1,6.463642
4.175054,123.100006,6.468529
-15.831482,117.200005,6.468783
-5.350748,111.600006,6.472337
0.777313,117.30001,6.484338
-16.191229,117.50001,6.484957
-2.310206,111.8,6.485017
-5.670322,111.90001,6.489581
-16.858158,117.700005,6.495208
-16.5385,117.700005,6.495604
-5.986169,112.100006,6.501016
-17.20695,117.9,6.505841
1.101183,117.700005,6.506424
-6.297471,112.20001,6.506644
4.540229,123.90001,6.510454
-17.541914,118.00001,6.510951
-6.609295,112.3,6.512264
-2.015883,112.40001,6.519882
-6.927796,112.5,6.523674
-7.24093,112.600006,6.529276
-17.922771,118.4,6.532607
-18.274933,118.60001,6.543221
1.430857,118.4,6.545085
-7.567988,112.90001,6.546467
-1.716757,112.90001,6.548937
-7.882701,113.0,6.552052
4.909751,124.70001,6.552369
-18.950436,118.80001,6.553397
-18.628122,118.80001,6.553829
-19.288918,118.9,6.558477
-8.513672,113.20001,6.563198
-8.205178,113.20001,6.563427
-19.627884,119.00001,6.563552
-1.414895,113.40001,6.577986
-8.845514,113.50001,6.580354
-9.162825,113.600006,6.585905
1.765827,119.200005,6.589265
5.283618,125.50001,6.594275
-1.110299,113.90001,6.607024
-20.084694,119.80001,6.607228
-9.816202,114.00001,6.608579
-9.505663,114.00001,6.60884
-10.455479,114.200005,6.619624
-10.153352,114.3,6.625698
2.103403,119.9,6.627908
-0.802267,114.3,6.630255
-10.785306,114.4,6.630931
5.661829,126.3,6.63617
-11.106484,114.50001,6.636435
-11.448108,114.8,6.65352
2.442764,120.50001,6.661014
-0.492907,114.9,6.665078
-11.791327,115.1,6.670599
6.039627,127.00001,6.6728
2.780789,120.90001,6.683054
-12.136136,115.4,6.687667
-12.460957,115.50001,6.693138
-12.797338,115.700005,6.704395
3.120986,121.3,6.705085
-0.180426,115.6,6.705692
-13.123432,115.80001,6.70985
-13.765234,115.9,6.714944
-3.794184,110.600006,6.716593
-3.492441,110.600006,6.716701
-13.461629,116.00001,6.721091
-3.19357,110.7,6.722873
-4.103319,110.8,6.728623
-14.116845,116.200005,6.731964
-2.896751,110.90001,6.73511
-14.445199,116.30001,6.73739
3.469046,121.90001,6.738162
0.13576,116.200005,6.740498
-4.413529,111.0,6.740643
-4.73331,111.40001,6.764799
-14.824818,116.80001,6.76598
0.454831,116.700005,6.769493
-5.041689,111.5,6.770728
3.820366,122.5,6.771229
-15.155247,116.9,6.771389
-2.608187,111.5,6.771629
-5.35539,111.70001,6.78272
-15.512641,117.200005,6.788377
0.775966,117.1,6.792679
-5.670159,111.90001,6.794704
-15.858106,117.4,6.799565
-2.314271,112.0,6.802068
-5.985998,112.100006,6.806678
4.181728,123.3,6.815342
-16.21839,117.700005,6.816535
-6.302904,112.3,6.818642
1.100216,117.6,6.821655
-16.552147,117.80001,6.821917
-16.886393,117.9,6.827292
-6.626762,112.600006,6.836669
-17.235725,118.10001,6.838452
-6.939915,112.70001,6.842544
-7.253586,112.8,6.848409
-17.586088,118.30001,6.849603
-2.022998,112.8,6.850719
4.543774,124.0,6.853915
1.429609,118.30001,6.862225
-7.58118,113.100006,6.86641
-17.95262,118.60001,6.866539
-7.89643,113.20001,6.872257
-18.949993,118.80001,6.876778
-18.305317,118.80001,6.877676
-8.520953,113.3,6.877856
-8.212196,113.3,6.878097
-19.610937,118.9,6.881648
-19.288467,118.9,6.882109
-18.64336,118.9,6.883018
-1.725831,113.50001,6.893288
-8.85306,113.600006,6.895819
4.913559,124.8,6.898006
-9.170636,113.700005,6.901632
1.764297,119.10001,6.908586
-1.421093,113.90001,6.917629
-9.5054,114.00001,6.919576
-9.82454,114.100006,6.925372
-1.113191,114.200005,6.935887
5.283479,125.50001,6.936561
-10.161956,114.4,6.943298
-10.482658,114.50001,6.949076
-10.803866,114.600006,6.954846
2.103345,119.9,6.954935
-0.805051,114.700005,6.966283
-11.135278,114.8,6.966675
5.657198,126.200005,6.975103
-11.467741,115.00001,6.978497
2.440669,120.40001,6.983875
-11.80125,115.200005,6.99031
-12.135808,115.4,7.002115
-12.460621,115.50001,7.007843
-0.495037,115.4,7.008816
2.780712,120.90001,7.012803
-3.79407,110.600006,7.018181
-3.492336,110.600006,7.018293
-13.111749,115.700005,7.019276
-12.796997,115.700005,7.01963
-4.099492,110.7,7.024405
-13.752992,115.80001,7.024612
-3.193473,110.7,7.024741
-13.438061,115.80001,7.024981
6.04898,127.200005,7.030216
-4.40942,110.90001,7.036966
-2.896664,110.90001,7.037527
-0.180889,115.9,7.039194
3.123473,121.40001,7.041721
-14.104325,116.1,7.042433
-14.432399,116.200005,7.048114
0.135873,116.30001,7.063489
-14.786352,116.50001,7.06592
-4.733168,111.40001,7.068552
-2.605769,111.40001,7.069342
3.46895,121.90001,7.07063
-5.041538,111.5,7.074746
-15.128924,116.700005,7.077651
0.454428,116.6,7.081699
-5.355229,111.70001,7.087278
-15.485768,117.00001,7.095439
-5.66999,111.90001,7.099801
-2.312135,111.90001,7.101147
0.775281,117.00001,7.105976
-15.830685,117.200005,7.107154
3.823379,122.600006,7.111129
-5.98582,112.100006,7.112313
-16.162859,117.30001,7.112798
-16.509573,117.50001,7.124498
-6.302717,112.3,7.124814
-6.614796,112.40001,7.130963
-16.857323,117.700005,7.136191
1.099249,117.50001,7.136315
-6.927394,112.5,7.137103
-7.240511,112.600006,7.143232
-17.206102,117.9,7.147876
-2.021144,112.70001,7.151982
4.185004,123.40001,7.157417
-17.555918,118.10001,7.159554
-7.875271,112.90001,7.161808
-7.567552,112.90001,7.162041
1.42715,118.10001,7.172719
-8.505663,113.100006,7.174005
-8.197459,113.100006,7.174254
-17.921898,118.4,7.177287
-18.274046,118.60001,7.18895
4.543649,124.0,7.192095
-18.611542,118.700005,7.194545
-1.724258,113.40001,7.196462
-9.154239,113.50001,7.198851
-8.84501,113.50001,7.199118
-19.59397,118.80001,7.199176
-18.949528,118.80001,7.200135
-19.287996,118.9,7.205718
-1.418554,113.700005,7.21555
-9.488448,113.8,7.217601
1.761283,118.9,7.221258
-9.807035,113.90001,7.223658
-1.112182,114.100006,7.240973
4.917361,124.90001,7.244162
-10.464045,114.3,7.248428
-10.15278,114.3,7.248731
-10.784702,114.4,7.254459
-0.802921,114.4,7.260041
2.098021,119.60001,7.263716
-11.115561,114.600006,7.266821
5.287544,125.600006,7.284617
-11.457442,114.9,7.285515
-11.790672,115.1,7.29786
2.436544,120.200005,7.300087
-0.493735,115.1,7.304485
-12.438693,115.3,7.309842
-12.124947,115.3,7.310195
-3.793951,110.600006,7.319741
-3.492227,110.600006,7.319858
-3.190488,110.600006,7.319964
5.661525,126.3,7.325063
-4.103066,110.8,7.33285
-2.893961,110.8,7.333299
-13.111381,115.700005,7.33447
-12.796637,115.700005,7.33484
-0.180415,115.6,7.336226
2.778332,120.8,7.33645
-4.409282,110.90001,7.339334
-13.764489,115.9,7.346386
-13.44929,115.9,7.34677
-14.116083,116.200005,7.365008
-4.728771,111.3,7.365659
0.135635,116.1,7.367958
-14.444426,116.30001,7.370947
-5.03686,111.40001,7.372122
-2.605687,111.40001,7.373099
3.125955,121.5,7.378875
-5.350269,111.600006,7.385192
0.454024,116.50001,7.393334
-14.811334,116.700005,7.395888
-5.664747,111.8,7.398251
-15.154441,116.9,7.408146
-5.980294,112.0,7.411301
6.077346,127.80001,7.411893
-2.314128,112.0,7.412889
3.477386,122.2,7.421289
-6.29691,112.20001,7.424343
0.775257,117.00001,7.425045
-15.525058,117.30001,7.43307
-6.614591,112.40001,7.437372
-15.857273,117.4,7.438976
-16.189983,117.50001,7.444873
-6.933338,112.600006,7.450392
-19.731201,117.700005,7.452313
-7.246719,112.70001,7.456787
-16.537233,117.700005,7.457098
-2.02108,112.70001,7.459291
1.100151,117.6,7.463094
-16.885517,117.9,7.469317
3.835743,123.0,7.469765
-7.882005,113.0,7.476161
-7.574022,113.0,7.476404
-17.234835,118.10001,7.481527
-17.57032,118.200005,7.487395
-8.512925,113.20001,7.488883
-8.204456,113.20001,7.489143
1.428316,118.200005,7.501131
-1.724203,113.40001,7.505681
-17.93657,118.50001,7.505926
-8.844741,113.50001,7.50846
-18.273575,118.60001,7.51178
4.195057,123.70001,7.512157
-9.162026,113.600006,7.514796
-19.576982,118.700005,7.516137
-18.611063,118.700005,7.517627
-18.949043,118.80001,7.523468
-19.287506,118.9,7.529303
-1.419757,113.8,7.532207
-9.504837,114.00001,7.540969
1.76123,118.9,7.545505
-9.82396,114.100006,7.547285
4.55451,124.3,7.548465
-1.114097,114.3,7.565342
-10.17024,114.50001,7.573437
-10.803235,114.600006,7.579411
-10.491197,114.600006,7.579735
2.097958,119.60001,7.589868
-0.805001,114.700005,7.591849
4.925093,125.100006,7.596908
-11.144329,114.9,7.598918
-11.477047,115.1,7.611803
-11.800569,115.200005,7.618065
-3.492112,110.600006,7.621395
-3.190384,110.600006,7.621505
-12.438328,115.3,7.62395
-12.124591,115.3,7.624317
-3.797257,110.7,7.628163
2.438497,120.30001,7.63422
-4.102933,110.8,7.634923
-2.893866,110.8,7.635389
-12.785205,115.6,7.643411
-0.495436,115.50001,7.64482
5.300021,125.90001,7.645338
-4.413114,111.0,7.648563
-13.111001,115.700005,7.649638
-13.764092,115.9,7.662068
-13.448901,115.9,7.662468
-0.180721,115.80001,7.664689
-14.10353,116.1,7.67488
5.665846,126.40001,7.67554
-4.732866,111.40001,7.675974
-2.605601,111.40001,7.676828
2.782848,121.00001,7.678561
-14.431593,116.200005,7.681075
-5.041217,111.5,7.682702
-5.354889,111.70001,7.696312
0.135865,116.30001,7.697784
-14.78553,116.50001,7.700481
-5.664564,111.8,7.70302
-15.128087,116.700005,7.713267
-2.314053,112.0,7.718258
-5.985441,112.100006,7.723498
0.454789,116.700005,7.724249
3.133579,121.8,7.729237
-15.484914,117.00001,7.732654
-6.302319,112.3,7.737076
-15.829815,117.200005,7.745424
-6.620263,112.5,7.750644
-7.240057,112.600006,7.75708
-6.933115,112.600006,7.757311
-16.175753,117.4,7.758185
0.77722,117.30001,7.763943
-2.021014,112.70001,7.766569
3.482973,122.40001,7.76721
-16.522722,117.6,7.770938
-16.856407,117.700005,7.777075
-7.87478,112.90001,7.777255
-7.567078,112.90001,7.777505
-17.205175,117.9,7.789813
-8.196948,113.100006,7.790771
-19.780975,118.00001,7.792379
-17.540113,118.00001,7.795935
1.101987,117.80001,7.797007
-8.512655,113.20001,7.797389
-17.890675,118.200005,7.808657
-18.226858,118.30001,7.814766
-1.724147,113.40001,7.814872
-9.153673,113.50001,7.817485
-8.844461,113.50001,7.817774
3.841864,123.20001,7.817864
-18.579208,118.50001,7.827473
1.430687,118.4,7.836679
-9.487862,113.8,7.837848
-19.576466,118.700005,7.839132
-18.932589,118.700005,7.840171
-9.806433,113.90001,7.844427
6.143745,129.20001,7.845393
-1.420958,113.90001,7.849381
4.194931,123.70001,7.849468
-19.286999,118.9,7.852864
-10.454253,114.200005,7.864443
-10.143276,114.200005,7.86477
-10.784046,114.4,7.87788
1.764137,119.10001,7.882959
-1.115035,114.4,7.883881
-11.105189,114.50001,7.88442
4.558038,124.40001,7.893752
-11.759233,114.8,7.90436
-11.446779,114.8,7.904723
-0.805677,114.8,7.91148
-12.092677,115.00001,7.917759
-3.793699,110.600006,7.922775
-3.491994,110.600006,7.9229
-12.416376,115.1,7.924262
2.1014,119.80001,7.929228
-3.19316,110.7,7.930178
-4.102794,110.8,7.936965
-4.40899,110.90001,7.943983
4.928882,125.20001,7.94437
-12.762697,115.4,7.944527
-2.89638,110.90001,7.944612
-13.087942,115.50001,7.951011
-0.49499,115.4,7.952851
-4.72421,111.20001,7.965316
2.440448,120.40001,7.968868
-13.751805,115.80001,7.97084
-13.436896,115.80001,7.971256
-5.036527,111.40001,7.979474
-2.605513,111.40001,7.980526
-14.090964,116.00001,7.984183
-5.345121,111.5,7.986458
-0.180871,115.9,7.98732
-5.654241,111.600006,7.993433
-14.431164,116.200005,7.997514
5.308281,126.100006,8.001319
-5.974562,111.90001,8.014722
0.13586,116.30001,8.014887
2.78506,121.100006,8.015115
-14.785095,116.50001,8.017723
-2.313974,112.0,8.023594
-6.290885,112.100006,8.028838
-15.127641,116.700005,8.031036
5.674641,126.600006,8.032878
0.454385,116.6,8.035551
-6.608273,112.3,8.042943
-15.471226,116.9,8.044342
-6.920571,112.40001,8.049875
-15.802342,117.00001,8.050758
3.130908,121.700005,8.05473
-7.233387,112.5,8.056798
-2.017359,112.5,8.059489
-7.546721,112.600006,8.06371
-16.147728,117.200005,8.064047
0.77587,117.1,8.069988
-7.860571,112.70001,8.070612
-16.49415,117.4,8.077328
-19.713387,117.6,8.085922
-16.841604,117.6,8.0906
-8.18943,113.0,8.091825
-8.504855,113.100006,8.098706
3.482863,122.40001,8.100953
-1.719527,113.100006,8.102538
-17.190094,117.80001,8.103863
-17.524752,117.9,8.110239
1.101016,117.700005,8.111306
-8.836378,113.40001,8.119898
-17.875034,118.10001,8.123488
-9.153374,113.50001,8.126759
-18.21094,118.200005,8.129849
-1.417167,113.600006,8.138412
-9.479216,113.700005,8.140768
-18.563013,118.4,8.143082
3.838624,123.100006,8.147164
-9.797505,113.8,8.147608
-19.559443,118.60001,8.155228
1.43064,118.4,8.159503
-10.125185,114.00001,8.161598
-18.932064,118.700005,8.163183
-10.444762,114.100006,8.168419
-19.270247,118.80001,8.169522
-1.112073,114.100006,8.174277
-10.764847,114.200005,8.175229
4.194799,123.70001,8.186746
-11.095134,114.4,8.189189
-11.426473,114.600006,8.203138
-11.748615,114.700005,8.20992
-0.804246,114.600006,8.210132
1.76556,119.200005,8.214583
-12.081777,114.9,8.223849
-3.793566,110.600006,8.224247
-3.491871,110.600006,8.224378
4.554231,124.3,8.226315
-4.098948,110.7,8.231542
-3.193047,110.7,8.231932
-12.415984,115.1,8.237768
-4.40486,110.8,8.238827
-2.896277,110.90001,8.246914
-12.751235,115.3,8.251677
-0.494116,115.200005,8.253139
-4.719796,111.100006,8.260971
2.103085,119.9,8.262758
-13.087532,115.50001,8.265579
-5.03183,111.3,8.275669
4.924791,125.100006,8.279108
-13.42487,115.700005,8.279469
-0.180397,115.6,8.281807
-2.605421,111.40001,8.284194
-13.751379,115.80001,8.286194
-5.344936,111.5,8.290356
-5.654044,111.600006,8.297597
-14.090529,116.00001,8.300065
2.442395,120.50001,8.30403
-14.418298,116.1,8.306772
-5.974355,111.90001,8.319696
-2.311827,111.90001,8.321466
0.135739,116.200005,8.324794
-6.285055,112.0,8.326915
-14.771949,116.4,8.327779
2.782669,121.00001,8.338399
5.303906,126.00001,8.338507
-6.602161,112.20001,8.341558
-15.114217,116.6,8.341622
-15.444289,116.700005,8.348303
-6.914175,112.3,8.348755
-7.226709,112.40001,8.355942
-2.015494,112.40001,8.358726
-15.788358,116.9,8.362128
-7.539758,112.5,8.363116
5.665499,126.40001,8.364803
0.455149,116.80001,8.367769
-16.11969,117.00001,8.368792
-7.853326,112.600006,8.370282
3.12566,121.5,8.372757
-16.46556,117.200005,8.382601
-8.174656,112.8,8.38487
-1.716426,112.90001,8.395976
-16.812464,117.4,8.396399
-19.69607,117.50001,8.398706
-8.504565,113.100006,8.40688
-17.160398,117.6,8.410189
0.777831,117.4,8.410731
3.477059,122.2,8.420885
-8.828286,113.3,8.421446
-17.509375,117.80001,8.423972
-9.144998,113.40001,8.428569
-17.844242,117.9,8.430594
-1.41587,113.50001,8.440653
-9.47056,113.600006,8.443114
-18.195005,118.10001,8.444361
1.102849,117.9,8.446521
-9.788565,113.700005,8.450215
-18.546799,118.30001,8.458119
-10.115963,113.90001,8.464739
3.832263,122.90001,8.469
-1.110084,113.90001,8.470444
-19.542393,118.50001,8.470751
-10.435258,114.00001,8.471821
-18.899624,118.50001,8.471868
-10.755061,114.100006,8.478892
-19.253475,118.700005,8.48561
-11.07537,114.200005,8.485953
1.4318,118.50001,8.48946
-11.406153,114.4,8.500434
-11.727743,114.50001,8.507476
-0.802814,114.4,8.507663
4.191272,123.600006,8.517103
-3.789998,110.5,8.517978
-4.095097,110.600006,8.525541
-3.491745,110.600006,8.525822
-12.070865,114.8,8.529366
-4.400725,110.7,8.533093
-3.192931,110.7,8.533653
-12.404791,115.00001,8.543818
-0.492811,114.9,8.54487
1.766981,119.30001,8.546719
-4.715377,111.0,8.556049
-2.898784,111.0,8.556893
4.550419,124.20001,8.558302
-5.022607,111.100006,8.56358
-12.750819,115.3,8.565686
-13.075776,115.4,8.572688
-5.335156,111.3,8.578806
-0.180079,115.4,8.582066
2.103013,119.9,8.589635
-5.648775,111.5,8.59402
-13.424438,115.700005,8.594537
-2.607665,111.5,8.59554
-13.750936,115.80001,8.601519
4.916758,124.90001,8.60638
-5.963463,111.70001,8.609224
-14.090076,116.00001,8.615919
-6.279218,111.90001,8.624414
2.440285,120.40001,8.625377
-2.311742,111.90001,8.626467
0.1355,116.00001,8.626688
-14.430258,116.200005,8.63031
-6.596041,112.100006,8.639594
-6.907772,112.20001,8.647057
-14.784171,116.50001,8.652117
-7.220022,112.3,8.654507
-2.013627,112.3,8.657383
-15.11374,116.6,8.659061
2.780275,120.90001,8.661106
5.291107,125.70001,8.661336
-7.53279,112.40001,8.661947
6.224203,130.90001,8.662407
0.454353,116.6,8.671296
-15.457039,116.80001,8.673425
-7.853047,112.600006,8.677081
-15.787862,116.9,8.68035
-16.119188,117.00001,8.68727
-1.713322,112.70001,8.688289
5.651869,126.100006,8.688715
-8.174367,112.8,8.692206
-16.465048,117.200005,8.701604
3.125554,121.5,8.703987
-19.678734,117.4,8.71092
-8.504266,113.100006,8.715024
0.776478,117.200005,8.715896
-16.811947,117.4,8.71593
-17.145285,117.50001,8.722824
-1.412075,113.20001,8.726893
-8.827975,113.3,8.730124
-9.144678,113.40001,8.737508
-17.508839,117.80001,8.744556
-9.470229,113.600006,8.752587
3.476941,122.2,8.754018
-17.858835,118.00001,8.758855
-9.788224,113.700005,8.75995
1.101875,117.80001,8.760483
-1.108095,113.700005,8.765487
-18.209864,118.200005,8.773145
-10.115611,113.90001,8.775007
-10.434898,114.00001,8.78235
-18.56192,118.4,8.787428
-19.54182,118.50001,8.793125
-10.764117,114.200005,8.797384
-18.91501,118.60001,8.801703
-11.084686,114.3,8.804704
1.430541,118.4,8.805057
3.835251,123.0,8.811201
-0.802083,114.3,8.811779
-11.405764,114.4,8.812016
-19.269129,118.80001,8.815968
-3.789856,110.5,8.819113
-3.488456,110.5,8.819252
-4.094944,110.600006,8.826946
-11.737584,114.600006,8.827018
-3.189928,110.600006,8.827361
-4.404536,110.8,8.842745
-12.080968,114.9,8.849712
-0.492364,114.8,8.850349
-2.896063,110.90001,8.851422
4.19113,123.600006,8.854044
1.765438,119.200005,8.864494
-12.415155,115.1,8.864693
-4.71945,111.100006,8.866514
-5.02694,111.20001,8.874311
-5.334957,111.3,8.882095
-12.761448,115.4,8.887366
-2.605228,111.40001,8.891435
-0.180072,115.4,8.896618
-5.648565,111.5,8.897848
-13.097997,115.6,8.902325
4.553928,124.3,8.904037
2.101185,119.80001,8.909044
-5.963242,111.70001,8.913588
-13.435592,115.80001,8.917274
-13.762352,115.9,8.924513
-6.278986,111.90001,8.929317
-2.311655,111.90001,8.931436
-14.089608,116.00001,8.931743
0.135495,116.00001,8.942876
-6.595797,112.100006,8.945034
2.438172,120.30001,8.946145
-14.429782,116.200005,8.946663
-6.907517,112.20001,8.952762
4.920528,125.0,8.954017
-7.219756,112.3,8.960475
-2.013552,112.3,8.963446
-14.783685,116.50001,8.96927
-7.539214,112.5,8.976158
-15.126206,116.700005,8.984169
2.780177,120.90001,8.990671
-15.456533,116.80001,8.991361
-7.859734,112.70001,8.991829
0.454726,116.700005,8.99683
-16.104893,116.9,8.998019
-15.787353,116.9,8.998543
-1.714778,112.8,9.003425
5.290927,125.70001,9.003983
-19.627853,117.1,9.007176
-8.181316,112.90001,9.007487
-16.464521,117.200005,9.020579
-8.503956,113.100006,9.023135
-16.79709,117.30001,9.027736
-8.819864,113.20001,9.030793
-17.130148,117.4,9.034882
3.125444,121.5,9.035183
5.656161,126.200005,9.039612
0.777112,117.30001,9.043063
-1.413269,113.3,9.043394
-9.152411,113.50001,9.054395
-17.493425,117.700005,9.057413
-9.469887,113.600006,9.062029
-1.108053,113.700005,9.07537
-9.796481,113.8,9.07763
-17.858276,118.00001,9.079934
1.101834,117.80001,9.081575
-10.115249,113.90001,9.085244
-18.19389,118.10001,9.087057
3.476818,122.2,9.087119
-10.443676,114.100006,9.100822
-18.545668,118.30001,9.101864
-10.763732,114.200005,9.108414
-19.541225,118.50001,9.115469
-11.084292,114.3,9.115994
-18.898481,118.50001,9.116665
-3.78971,110.5,9.120215
-3.488321,110.5,9.120357
-0.802052,114.3,9.123298
-11.405358,114.4,9.123565
-4.094785,110.600006,9.128314
-3.189804,110.600006,9.128743
-19.25232,118.700005,9.131456
1.431697,118.50001,9.135492
-11.73717,114.600006,9.1391
-4.404366,110.8,9.144653
3.835116,123.0,9.146479
-2.895951,110.90001,9.153625
-12.07003,114.8,9.154623
-4.719267,111.100006,9.169235
-0.492775,114.9,9.171215
-5.026747,111.20001,9.177298
-12.414721,115.1,9.178109
-5.334752,111.3,9.185348
1.765373,119.200005,9.189398
-12.749945,115.3,9.19361
-2.605127,111.40001,9.195004
4.194374,123.70001,9.198388
-13.074882,115.4,9.201127
-5.648348,111.5,9.20164
-13.400321,115.50001,9.208635
-5.963014,111.70001,9.217919
-13.738129,115.700005,9.224104
-6.273135,111.8,9.225934
-0.180377,115.6,9.227101
2.101109,119.80001,9.235582
-2.311565,111.90001,9.236371
-14.076981,115.9,9.239565
-6.589662,112.0,9.242187
-6.901098,112.100006,9.250179
-19.47639,116.200005,9.25399
-14.416872,116.1,9.255013
4.561096,124.5,9.25772
-7.213054,112.20001,9.258159
-7.525526,112.3,9.266126
0.135607,116.1,9.267011
-14.757805,116.30001,9.270452
2.438083,120.30001,9.274042
-2.015266,112.40001,9.277727
-15.099773,116.50001,9.28588
-7.852464,112.600006,9.290585
-15.759815,116.700005,9.300766
-15.44278,116.700005,9.301297
4.924292,125.100006,9.302167
-8.173762,112.8,9.30678
-1.714711,112.8,9.310817
0.454709,116.700005,9.314891
-16.104355,116.9,9.316165
2.780075,120.90001,9.320201
-8.811743,113.100006,9.330883
-8.503636,113.100006,9.331212
-16.449928,117.1,9.331556
-16.782219,117.200005,9.338967
-9.135941,113.3,9.347041
-1.413215,113.3,9.352151
5.294951,125.8,9.354034
-17.129587,117.4,9.354337
0.77642,117.200005,9.354778
-9.461199,113.50001,9.363189
5.647,126.00001,9.368712
-17.477995,117.6,9.369699
-10.097114,113.700005,9.37895
-9.787509,113.700005,9.379324
3.130475,121.700005,9.381763
-17.842562,117.9,9.393017
-1.108984,113.8,9.393471
-10.424985,113.90001,9.395061
1.101793,117.80001,9.402633
-18.193304,118.10001,9.408361
-10.75391,114.100006,9.411162
-3.789559,110.5,9.421282
-3.488182,110.5,9.42143
-18.545074,118.30001,9.423694
-11.083885,114.3,9.42725
-4.094623,110.600006,9.429649
-3.189676,110.600006,9.430093
-11.404942,114.4,9.435081
3.482382,122.40001,9.435604
-19.540611,118.50001,9.437785
-4.400216,110.7,9.438003
-18.89788,118.50001,9.43902
-11.726502,114.50001,9.4429
-0.802723,114.4,9.443036
1.430435,118.4,9.450475
-19.25171,118.700005,9.454335
-4.710585,110.90001,9.454872
-2.895835,110.90001,9.455794
-12.059081,114.700005,9.458956
-5.022027,111.100006,9.471726
-12.403489,115.00001,9.483247
-0.492756,114.9,9.484335
-5.334541,111.3,9.488569
-2.602684,111.3,9.490011
3.841213,123.20001,9.497139
1.762345,119.00001,9.498305
-12.738431,115.200005,9.499279
-5.648125,111.5,9.505398
-13.063084,115.3,9.507053
-5.95744,111.600006,9.513692
-13.38824,115.4,9.514818
-6.267278,111.70001,9.521971
-13.713895,115.50001,9.522575
-2.309407,111.8,9.532744
4.194221,123.70001,9.535534
-6.58352,111.90001,9.538764
-14.064339,115.80001,9.546809
-6.894671,112.0,9.547019
-0.180526,115.700005,9.550383
2.099275,119.700005,9.554103
-14.403947,116.00001,9.562786
-7.212772,112.20001,9.563788
-7.525232,112.3,9.572018
-2.013393,112.3,9.575465
-14.744596,116.200005,9.578754
0.135719,116.200005,9.591656
-15.086286,116.4,9.594711
4.56093,124.5,9.597039
-7.852158,112.600006,9.597285
2.437991,120.30001,9.601907
-15.415782,116.50001,9.602416
-8.173444,112.8,9.614015
-1.714642,112.8,9.618174
-15.759273,116.700005,9.618352
-8.48827,112.90001,9.62221
-16.090029,116.80001,9.626038
-8.811402,113.100006,9.638916
0.455081,116.80001,9.641171
-16.43532,117.00001,9.641954
-9.127527,113.20001,9.647088
4.92805,125.20001,9.650824
2.78227,121.00001,9.657677
-16.781647,117.200005,9.657862
-9.452499,113.40001,9.663769
-1.414405,113.40001,9.6694
-17.12901,117.4,9.673759
-9.778526,113.600006,9.680439
-17.462545,117.50001,9.681408
-10.096727,113.700005,9.688575
0.777715,117.4,9.690674
-10.415437,113.8,9.696699
-17.811703,117.700005,9.697287
-1.10894,113.8,9.703558
5.298969,125.90001,9.704594
-18.16189,117.9,9.713156
-10.74408,114.00001,9.713333
-4.087051,110.40001,9.713352
-3.785973,110.40001,9.713516
-3.484882,110.40001,9.713667
-18.497437,118.00001,9.720778
3.132929,121.8,9.721417
5.65576,126.200005,9.727517
-11.073771,114.200005,9.729955
-4.396061,110.600006,9.730773
-3.189545,110.600006,9.731403
1.102685,117.9,9.731908
-18.849419,118.200005,9.736631
-19.507004,118.30001,9.743599
-11.404514,114.4,9.746565
-4.706145,110.8,9.748179
-19.202429,118.4,9.752473
-11.726063,114.50001,9.754643
-0.802691,114.4,9.754758
-2.895716,110.90001,9.757927
-5.017302,111.0,9.765574
3.482252,122.40001,9.769178
-12.05863,114.700005,9.77123
1.430379,118.4,9.77313
-5.324738,111.100006,9.774158
-12.381455,114.8,9.779286
-12.715843,115.00001,9.79585
-0.492736,114.9,9.797418
-5.642829,111.40001,9.800323
-2.604915,111.40001,9.802036
-13.039944,115.1,9.803884
-5.95186,111.5,9.808882
-13.364546,115.200005,9.811909
1.762276,119.00001,9.82
